-- phpMyAdmin SQL Dump
-- version 4.9.0.1
-- https://www.phpmyadmin.net/
--
-- Servidor: 127.0.0.1
-- Tiempo de generación: 19-08-2020 a las 20:08:37
-- Versión del servidor: 10.4.6-MariaDB
-- Versión de PHP: 7.3.8

SET SQL_MODE = "NO_AUTO_VALUE_ON_ZERO";
SET AUTOCOMMIT = 0;
START TRANSACTION;
SET time_zone = "+00:00";


/*!40101 SET @OLD_CHARACTER_SET_CLIENT=@@CHARACTER_SET_CLIENT */;
/*!40101 SET @OLD_CHARACTER_SET_RESULTS=@@CHARACTER_SET_RESULTS */;
/*!40101 SET @OLD_COLLATION_CONNECTION=@@COLLATION_CONNECTION */;
/*!40101 SET NAMES utf8mb4 */;

--
-- Base de datos: `prematicula`
--

-- --------------------------------------------------------

--
-- Estructura de tabla para la tabla `acudientes`
--

CREATE TABLE `acudientes` (
  `id` int(10) UNSIGNED NOT NULL,
  `personas_id` int(10) UNSIGNED NOT NULL,
  `direccion` varchar(255) COLLATE utf8mb4_unicode_ci NOT NULL,
  `barrio` varchar(255) COLLATE utf8mb4_unicode_ci NOT NULL,
  `profesion` varchar(255) COLLATE utf8mb4_unicode_ci NOT NULL,
  `correo` varchar(255) COLLATE utf8mb4_unicode_ci NOT NULL,
  `created_at` timestamp NULL DEFAULT NULL,
  `updated_at` timestamp NULL DEFAULT NULL,
  `deleted_at` timestamp NULL DEFAULT NULL
) ENGINE=InnoDB DEFAULT CHARSET=utf8mb4 COLLATE=utf8mb4_unicode_ci;

--
-- Volcado de datos para la tabla `acudientes`
--

INSERT INTO `acudientes` (`id`, `personas_id`, `direccion`, `barrio`, `profesion`, `correo`, `created_at`, `updated_at`, `deleted_at`) VALUES
(1, 1, 'CALLE 13 # 33A28', 'GALICIA', 'DOCENTE - INGENIERO DE SISTEMA', 'jcanas@institutolamilagrosa.com', NULL, NULL, NULL),
(2, 525, 'SANTA MARTA CALLE 17 NUM 32A . 53 GALICIA', 'BAVARIA', 'FISIOTERAPEUTA', 'egonzalez039@institutolamilagrosa.com', NULL, NULL, NULL),
(3, 624, 'CRA 19  24A - 125   LOS NARANJOS', 'LOS NARANJOS', '', 'torregrozadelarosa20072@institutolamilagrosa.com', NULL, NULL, NULL),
(4, 559, 'CALLE 20 8- 72', 'CENTRO', 'COMERCIANTE', 'fpolo978@institutolamilagrosa.com', NULL, NULL, NULL),
(5, 422, 'CALLE 21A  16-35 13 DE JUNIO', '43995', 'ARQUITECTO', 'srodriguez218@institutolamilagrosa.com', NULL, NULL, NULL),
(6, 537, 'Manzana F Casa 15', 'SANTA CLARA', 'DOCENTE', 'jparra103@institutolamilagrosa.com', NULL, NULL, NULL),
(7, 602, 'CALLE 11B No. 17-35', 'RIASCOS', '', 'vargaspabola2020047@institutolamilagrosa.com', NULL, NULL, NULL),
(8, 419, 'CARRERA 26  46B-48 SANTA CRUZ', 'SANTA CRUZ', 'AUXILIAR CONTABLE', 'fpinilla966@institutolamilagrosa.com', NULL, NULL, NULL),
(9, 439, 'TRANSVERSAL 9  34-38 MAMATOCO', 'MAMATOCO', 'ADMINISTRADOR DE EMPRESAS', 'csantodomingo016@institutolamilagrosa.com', NULL, NULL, NULL),
(10, 386, 'CALLE 29A  18A-28 URB. AVENIDA DEL RIO', 'URB. EL RIO', 'ADMINISTRADOR DE EMPRESAS', 'nfreyle925@institutolamilagrosa.com', NULL, NULL, NULL),
(11, 324, 'CONJ. ALTOS DE MALLORCA T9 APTO401', 'CONJ. ALTOS DE MALLORCA', 'INGENIERO DE SISTEMAS', 'oballestas244@institutolamilagrosa.com', NULL, NULL, NULL),
(12, 390, 'MANZANA F CASA 1 VILLA MARINA', 'EL PANDO', 'DISEÑADOR GRAFICO/PUBLICISTA', 'itejeda724@institutolamilagrosa.com', NULL, NULL, NULL),
(13, 582, 'CARRERA 12  17B 21 APTO 203 AV. ESTUDIANTES', 'CENTRO', '', 'campojulio2020033@institutolamilagrosa.com', NULL, NULL, NULL),
(14, 514, 'MANZANA I CASA 177 BOULEVAR LA 19', 'CIUDADELA 29 DE JULIO', 'DOCENTE', 'jbustamante547@institutolamilagrosa.com', NULL, NULL, NULL),
(15, 309, 'MANZANA L CASA 228 BOULEVARD LA 19', 'BOULEVAR LA 19', 'SOCIO', 'fjimenez866@institutolamilagrosa.com', NULL, NULL, NULL),
(16, 557, 'MZ C CASA 8 BRISAS DE LA SIERRA', 'CENTRO', '', 'sbrochero932@institutolamilagrosa.com', NULL, NULL, NULL),
(17, 591, 'MANZANA 1 CASA 19 CONCEPCIÓN III', 'LA CONCEPCION II', '', 'gutierrezpenaranda20043@institutolamilagrosa.com', NULL, NULL, NULL),
(18, 502, 'MANZANA K CASA 6 CIUDAD DEL SOL', 'SAN FRANCISCO', 'INGENIERO DE SISTEMAS', 'mflorez066@institutolamilagrosa.com', NULL, NULL, NULL),
(19, 576, 'CALLE 45 25 C - 04  CASA 1 URB. ANDALUCIA', 'CENTRO', '', 'fernandezardila20029@institutolamilagrosa.com', NULL, NULL, NULL),
(20, 433, 'CALLE 138  4-80 BARRIO LOS ARHUACOS', 'LOS ARUACOS', 'PILOTO MAESTRO', 'pduque310@institutolamilagrosa.com', NULL, NULL, NULL),
(21, 369, 'CALLE 4 19B- 27 BONDA', 'SANTA CATALINA', 'COMERCIANTE', 'cromero928@institutolamilagrosa.com', NULL, NULL, NULL),
(22, 357, 'MANZANA I CASA 7 URB. CORINTIOS', 'VILLA ALEJANDRIA', 'ECONOMISTA', 'jbolivar425@institutolamilagrosa.com', NULL, NULL, NULL),
(23, 448, 'CALLE 11B  25-60 JUAN XXIII', 'JUAN XXIII', 'COMERCIANTE', 'lavila714@institutolamilagrosa.com', NULL, NULL, NULL),
(24, 432, 'CARRERA 1C  25-15 EDIF. TORRES MARINA CLUB BELLAVI', 'BELLAVISTA', 'ADMINISTRADORA DE EMPRESAS', 'kgonzalez977@institutolamilagrosa.com', NULL, NULL, NULL),
(25, 341, 'MANZANA 16 CASA 11 ANDREA CAROLINA', 'ANDREA CAROLINA', 'CONTRATISTA', 'yhernandez473@institutolamilagrosa.com', NULL, NULL, NULL),
(26, 336, 'CALLE 24 28C- 32 AV. DEL RIO', 'AV. DEL RIO', 'ENFERMERA', 'mcovelli017@institutolamilagrosa.com', NULL, NULL, NULL),
(27, 441, 'CARRERA 4  18A-49 CONJ. CARIBE MAR CASA 3 RODADERO', 'RODADERO', '', 'gcifuentes751@institutolamilagrosa.com', NULL, NULL, NULL),
(28, 431, 'CALLE 38  37-38 MIRACAMPRESTE', 'MIRACAMPESTRE', 'TECNOLOGA DE PRODUCCION', 'mcoava468@institutolamilagrosa.com', NULL, NULL, NULL),
(29, 362, 'CALLE 7  16C-21 BETANIA', 'BETANIA', '', 'ssalgado757@institutolamilagrosa.com', NULL, NULL, NULL),
(30, 606, 'MANZANA 16 CASA 22 ANDREA CAROLINA', 'ANDREA CAROLINA', '', 'acostadaniel20053@institutolamilagrosa.com', NULL, NULL, NULL),
(31, 323, 'CALLE 43 No. 27-161 Mirador de la Sierra casa 8', 'URB. CURINCA', '', 'ydaza490@institutolamilagrosa.com', NULL, NULL, NULL),
(32, 600, 'CARRERA 51 9C- 46 URB, CANARIAS', 'URB. CANARIAS', '', 'barrancoescobar20046@institutolamilagrosa.com', NULL, NULL, NULL),
(33, 604, 'CALLE 33 4B-50 ED. MANZANARES  APTO 203', 'MANZANARES', '', 'parejolopez2020050@institutolamilagrosa.com', NULL, NULL, NULL),
(34, 493, 'CARRERA 15  29C-69 CASA 27 BAVARIA RESERVADO', 'BAVARIA', 'COMUNICADORA SOCIAL', 'alopez934@institutolamilagrosa.com', NULL, NULL, NULL),
(35, 392, 'CALLE 27  17A-19 SANTA HELENA', 'SANTA ELENA', 'CONTADORA', 'lfonseca323@institutolamilagrosa.com', NULL, NULL, NULL),
(36, 360, 'CALLE 15  5A-35 VILLA DEL MAR II RODADERO', 'VILLA DEL MAR I', 'AMA DE CASA', 'gsoraca705@institutolamilagrosa.com', NULL, NULL, NULL),
(37, 396, 'AV. DEL FERROCARRIL  26A-165 CARIBE INN CASA 13', 'CONJ. CARIBE INN', 'ADMINISTRADORA', 'cdelgado580@institutolamilagrosa.com', NULL, NULL, NULL),
(38, 459, 'CARRERA 1C  26-20 BELLAVISTA', 'BELLAVISTA', 'MODISTA', 'edeluque203@institutolamilagrosa.com', NULL, NULL, NULL),
(39, 322, 'MANZANA 4 CASA 24 SIERRA ADENTRO', 'VILLA MARBELLA', 'DOCENTE PENSIONADA', 'cgonzalez013@institutolamilagrosa.com', NULL, NULL, NULL),
(40, 426, 'CARRERA 21B  29C-137 BOULEVARD DE LAS ROSAS', 'BULEVARD DE LAS ROSAS', 'ADMINISTRADORA DE EMPRESAS', 'asilva550@institutolamilagrosa.com', NULL, NULL, NULL),
(41, 354, 'MANZANA 4 CASA 50 CANARIAS', 'BOULEVAR LA 19', 'COMERCIANTE', 'carrenoduarte2020061@institutolamilagrosa.com', NULL, NULL, NULL),
(42, 549, 'CALLE 27 18A-46 CATALINA 2000', 'CATALINA 2000', '', 'mbolivar238@institutolamilagrosa.com', NULL, NULL, NULL),
(43, 470, 'MANZANA 9 CASA 4 SIERRADENTRO', 'SIERRA ADENTRO', 'ARQUITECTO', 'gquiroga220@institutolamilagrosa.com', NULL, NULL, NULL),
(44, 440, 'MANZANA Ñ CASA 17 VILLAS ALEJANDRIA', 'VILLA ALEJANDRIA', '', 'lbarrios186@institutolamilagrosa.com', NULL, NULL, NULL),
(45, 385, 'CALLE 28A  30B-51 EL TREBOL', 'EL TREBOL', 'REPRESENTANTE COMERCIAL', 'mmejia912@institutolamilagrosa.com', NULL, NULL, NULL),
(46, 516, 'CALLE 28A 21A- 30 ALTOS DE SANTA RITA', 'SAN FRANCISCO', 'ADMINISTRADOR PUBLICO', 'dramos981@institutolamilagrosa.com', NULL, NULL, NULL),
(47, 578, 'CALLE 5  23A- 113', 'BONDA', '', 'gottrujillo20019@institutolamilagrosa.com', NULL, NULL, NULL),
(48, 498, 'CARRERA 50  66-19 TORREI APTO 103 URB. EL CISNE', 'EL CISNE', 'ABOGADA/SUBDIRECTORA', 'emontero467@institutolamilagrosa.com', NULL, NULL, NULL),
(49, 460, 'MANZANA 59 CASA 3 CIUDADELA 29 DE JULIO', 'CIUDADELA 29 DE JULIO', '', 'nmancilla211@institutolamilagrosa.com', NULL, NULL, NULL),
(50, 374, 'MANZANA D CASA 2 CONCEPCION I', 'LA CONCEPCION II', '', 'zpedroza419@institutolamilagrosa.com', NULL, NULL, NULL),
(51, 477, 'CALLE 18  16-40 MUNICIPAL', 'MUNICIPAL', '', 'rmarquez977@institutolamilagrosa.com', NULL, NULL, NULL),
(52, 623, 'CALLE 11D   17 -54 RIASCOS', 'RIASCOS', '', 'garciamunoz20071@institutolamilagrosa.com', NULL, NULL, NULL),
(53, 376, 'CALLE 26B  5-53 LOS ANGELES', 'PESCAITO', '', 'lhincapie634@institutolamilagrosa.com', NULL, NULL, NULL),
(54, 423, 'CALLE 19  10-40 CENTRO', 'CENTRO', '', 'cgranados263@institutolamilagrosa.com', NULL, NULL, NULL),
(55, 505, 'CALLE 6  11-04 GAIRA', 'GAIRA', '', 'nrios003@institutolamilagrosa.com', NULL, NULL, NULL),
(56, 417, 'CARRERA 16E  7-54 LOS ALMENDROS', 'LOS ALMENDROS', 'AMA DE CASA', 'egarizado893@institutolamilagrosa.com', NULL, NULL, NULL),
(57, 429, 'CALLE 28  5-28 LOS ANGELES', 'LOS ANGELES', 'DECORADORA', 'aposada093@institutolamilagrosa.com', NULL, NULL, NULL),
(58, 316, 'MANZANA 2 CASA 16 VILLA MERCEDES', 'VILLA MERCEDES', '', 'marias547@institutolamilagrosa.com', NULL, NULL, NULL),
(59, 467, 'MANZANA D CASA 3 PORTAL DEL TESORO', 'LOS TRONCOS', '', 'epadilla787@institutolamilagrosa.com', NULL, NULL, NULL),
(60, 474, 'Cr 4 # 124 -81 Urb. Gaulchovang Mz B Casa 12', 'VISTA HERMOSA', 'DOCENTE', 'anavarro851@institutolamilagrosa.com', NULL, NULL, NULL),
(61, 548, 'CARRERA 15  29-364 EL MAYOR', 'CENTRO', '', 'mguete717@institutolamilagrosa.com', NULL, NULL, NULL),
(62, 434, 'CALLE 13  7-51 CENTRO', 'VILLA BLANCA', 'AUXILIAR CONTABLE', 'gribautt048@institutolamilagrosa.com', NULL, NULL, NULL),
(63, 446, 'CARRERA 21A2  29J-58 LOS LAURELES', 'LOS LAURELES', 'TEC. CONTABILIDAD Y FINANZAS', 'erangel355@institutolamilagrosa.com', NULL, NULL, NULL),
(64, 402, 'CARRERA 6  19-19 CENTRO', 'CENTRO', 'COMERCIANTE', 'egomez584@institutolamilagrosa.com', NULL, NULL, NULL),
(65, 517, 'CALLE 10  5-32 PESCAITO', 'PESCAITO', 'DOCENTE', 'mternera849@institutolamilagrosa.com', NULL, NULL, NULL),
(66, 368, 'CALLE 23  17A-29 LOS ALCAZARES', 'LOS ALCAZARES', 'ADMINISTRADORA DE EMPRESAS', 'ghenriquez686@institutolamilagrosa.com', NULL, NULL, NULL),
(67, 472, 'MANZANA 7 CASA 29 SIERRADENTRO', 'SIERRA ADENTRO', 'AMA DE CASA', 'yreyes513@institutolamilagrosa.com', NULL, NULL, NULL),
(68, 371, 'CALLE 26  17B-21 ALCAZARES', 'SANTA ELENA', 'ADMINISTRADOR DE EMPRESAS', 'pviana860@institutolamilagrosa.com', NULL, NULL, NULL),
(69, 447, 'CALLE 26A  17A-99 SANTA ELENA', 'SANTA ELENA', 'ABOGADA', 'fmorelli120@institutolamilagrosa.com', NULL, NULL, NULL),
(70, 332, 'CARRERA 11 17-30 APT. 202 TERRITORIAL', 'BERLIN', 'COORDINADORA', 'asocarras815@institutolamilagrosa.com', NULL, NULL, NULL),
(71, 613, 'CALLE 19  32B- 52', 'SANTA LUCIA', '', 'perezrincon2020052@institutolamilagrosa.com', NULL, NULL, NULL),
(72, 415, 'MANZANA V CASA 33 VILLA ALEJANDRIA', 'VILLA ALEJANDRIA', 'COMERCIANTE', 'ygarcia820@institutolamilagrosa.com', NULL, NULL, NULL),
(73, 337, 'CASA 90 VILLAS DEL MAYOR', 'VILLAS DEL MAYOR', '', 'farelodiaz12002@institutolamilagrosa.com', NULL, NULL, NULL),
(74, 507, 'CALLE 32  10-34 MANZANARES', 'MANZANARES', 'TEC. ADMINISTRACION DE EMPRESAS', 'ynavarro493@institutolamilagrosa.com', NULL, NULL, NULL),
(75, 589, 'CARRERA 6   8 -19', 'PESCAITO', '', 'salashuguett20042@institutolamilagrosa.com', NULL, NULL, NULL),
(76, 465, 'CALLE 9  46-99 LUIS R. CALVO', 'BASTIDAS', 'TECNICO SERVICIO FARMACEUTICO', 'mmartinez668@institutolamilagrosa.com', NULL, NULL, NULL),
(77, 363, 'CASA B1 URB. MONTPELLIER', 'MONTPELLIER', 'CONTADORA', 'mtoro856@institutolamilagrosa.com', NULL, NULL, NULL),
(78, 372, 'MANZANA 18 CASA 9 ANDREA CAROLINA', 'ANDREA CAROLINA', 'ADMINISTRADORA', 'lmoran867@institutolamilagrosa.com', NULL, NULL, NULL),
(79, 380, 'CALLE 27  17A- 52  SANTA ELENA', 'SANTA ELENA', 'ENFERMERA JEFE', 'ytejeda622@institutolamilagrosa.com', NULL, NULL, NULL),
(80, 598, 'DIAGONAL 37 3-39', 'MAMATOCO', '', 'penaariza2020045@institutolamilagrosa.com', NULL, NULL, NULL),
(81, 492, 'CALLE 5  14-03 20 DE JULIO', '44032', 'JEFE DE SUMINISTROS', 'dalonso087@institutolamilagrosa.com', NULL, NULL, NULL),
(82, 405, 'CARRERA 8  20-100 CENTRO', 'CENTRO', 'AUXILIAR ADMINISTRATIVO', 'yacevedo309@institutolamilagrosa.com', NULL, NULL, NULL),
(83, 349, 'MZNA F CASA 11 TERRANOVA', 'SANTA CRUZ', 'INGENIERA DE SISTEMAS', 'shernandez384@institutolamilagrosa.com', NULL, NULL, NULL),
(84, 515, 'MANZANA D CASA 2 CONCEPCIÓN 1', 'URB. TERRANOVA', 'EMPLEADO', 'vdiaz701@institutolamilagrosa.com', NULL, NULL, NULL),
(85, 347, 'TRANSVERSAL 12   29-17 CASA 1', 'GALICIA', 'ADMINISTRADORA', 'lpereira175@institutolamilagrosa.com', NULL, NULL, NULL),
(86, 579, 'CALLE 7 10- 58', 'GAIRA', '', 'guerrerodiaztagle20022@institutolamilagrosa.com', NULL, NULL, NULL),
(87, 391, 'PALO ALTO TORRE 1 APTO 10-04 BAVARIA', 'BAVARIA COUNTRY', 'COMERCIANTE', 'aquintero781@institutolamilagrosa.com', NULL, NULL, NULL),
(88, 381, 'CALLE 3  3-39 PESCAITO', 'PESCAITO', 'ENFERMERA', 'bmendoza077@institutolamilagrosa.com', NULL, NULL, NULL),
(89, 404, 'CARRERA 30 CALLE 26  26-59 SAN PEDRO ALEJANDRINO', 'SAN PEDRO ALEJANDRINO', 'ENFERMERA', 'lmorales105@institutolamilagrosa.com', NULL, NULL, NULL),
(90, 425, 'CALLE 14  9-51 CENTRO', 'CENTRO', 'ASESOR DE SEGUROS', 'portiz489@institutolamilagrosa.com', NULL, NULL, NULL),
(91, 463, 'CALLE 18  22-72 EL JARDIN', 'EL JARDIN', 'AMA DE CASA', 'lbermudez604@institutolamilagrosa.com', NULL, NULL, NULL),
(92, 355, 'AV. DEL FERROCARRIL 17B  8-25 APTO 201 CENTRO', 'CENTRO', 'ADMINISTRADORA', 'oballestas007@institutolamilagrosa.com', NULL, NULL, NULL),
(93, 450, 'CALLE 8C - 84 APTO 201 TERRITORIAL', 'CENTRO', 'COMERCIANTE', 'isalgado048@institutolamilagrosa.com', NULL, NULL, NULL),
(94, 358, 'CARRERA 21D4  29F3-18 SECTOR U SAN JOSE', 'SAN JOSE', 'ABOGADA/EMPLEADA PUBLICA', 'sainemilena@hotmail.com', NULL, NULL, NULL),
(95, 436, 'CARRERA 17 C2 29-27 CASA 44 QUINTAS DEL ROSARIO', 'LA PRADERA', 'GERENTE ADMINISTRATIVA', 'avelasquez270@institutolamilagrosa.com', NULL, NULL, NULL),
(96, 573, 'CALLE 5 N° 19 -162', 'BONDA', '', 'mirandaarcila20027@institutolamilagrosa.com', NULL, NULL, NULL),
(97, 524, 'CALLE 11A  26-08 JUAN XXIII', 'JUAN XXIII', 'ENFERMERA', 'lparedes868@institutolamilagrosa.com', NULL, NULL, NULL),
(98, 366, 'MANZANA 32 CASA 16 EL PARQUE', 'EL PARQUE', 'DOCENTE', 'nmolinares865@institutolamilagrosa.com', NULL, NULL, NULL),
(99, 522, 'MANZANA 16 CASA 10 URB. ANDREA CAROLINA', 'ANDREA CAROLINA', 'PSICOLOGA', 'lbarraza910@institutolamilagrosa.com', NULL, NULL, NULL),
(100, 454, 'CARRERA 15A  7-53 APTO 201 OBRERO', 'OBRERO', 'CONTADORA PUBLICA', 'cvalle033@institutolamilagrosa.com', NULL, NULL, NULL),
(101, 346, 'MANZANA D CASA 33 LA CONCEPCION 1', 'LA CONCEPCION II', 'ADMINISTRADORA DE EMPRESAS', 'kperea122@institutolamilagrosa.com', NULL, NULL, NULL),
(102, 345, 'CALLE 11 16B-11 APTO 201', 'LOS ALMENDROS', '', 'spardo451@institutolamilagrosa.com', NULL, NULL, NULL),
(103, 506, 'MANZANA B CASA 18 URBANIZACION SANTA CLARA', 'SANTA CLARA', 'PSICOLOGA', 'imozo500@institutolamilagrosa.com', NULL, NULL, NULL),
(104, 400, 'MANZANA N CASA 21 URB. VILLA TOLEDO', 'VILLA TOLEDO', 'ANALISTA DE CREDITO', 'tgonzalez752@institutolamilagrosa.com', NULL, NULL, NULL),
(105, 395, 'CALLE 43 No. 27-161 Concepciòn casa 113', 'OBRERO', 'ANALISTA DE SISTEMAS', 'amontes914@institutolamilagrosa.com', NULL, NULL, NULL),
(106, 313, 'MANZANA 109 CASA 3 CIUDADELA 29 DE JULIO', 'CIUDADELA 29 DE JULIO', 'ESTUDIANTE', 'tbolano581@institutolamilagrosa.com', NULL, NULL, NULL),
(107, 479, 'MANZANA 29 CASA 23 NUEVA ANDREA CAROLINA', 'NUEVA ANDREA CAROLINA', 'ENFERMERA PROFESIONAL', 'msalas701@institutolamilagrosa.com', NULL, NULL, NULL),
(108, 340, 'CALLE 19  2-19 RODADERO SUR', 'RODADERO SUR', 'AMA DE CASA', 'rios552@institutolamilagrosa.com', NULL, NULL, NULL),
(109, 344, 'TRANSVERSAL 9B  33-114 URB. ALEJANDRINA', 'VILLA ALEJANDRIA', 'INGENIERA MECANICA', 'lreyes608@institutolamilagrosa.com', NULL, NULL, NULL),
(110, 570, 'CALLE 30 MZ 81 CASA 2', 'EL PANDO', '', 'fonsecaardila20016@institutolamilagrosa.com', NULL, NULL, NULL),
(111, 457, 'CARRERA 16A 16- 20 SAN JOSE', 'SAN JOSE', 'COMERCIANTE', 'crondon076@institutolamilagrosa.com', NULL, NULL, NULL),
(112, 411, 'CARRERA 20  CALLE11 19B-86 SAN FRANCISCO', 'SAN FRANCISCO', 'COMERCIANTE', 'ypenaloza146@institutolamilagrosa.com', NULL, NULL, NULL),
(113, 558, 'CALLE 30 N21 A 163', 'EL PANDO', 'jefa', 'asalazar376@institutolamilagrosa.com', NULL, NULL, NULL),
(114, 605, 'CRA 16F 8-67 LOS ALMENDROS', 'LOS ALMENDROS', '', 'aguilarjimenez2020051@institutolamilagrosa.com', NULL, NULL, NULL),
(115, 302, 'MANZANA C CASA 18 BRISAS DE LA SIERRA', 'EL PANDO', '', 'jarenas470@institutolamilagrosa.com', NULL, NULL, NULL),
(116, 335, 'CALLE 28  20-63 NUEVO JARDIN', 'NUEVO JARDIN', 'ADMINISTRADORA', 'mhernandez006@institutolamilagrosa.com', NULL, NULL, NULL),
(117, 569, 'MZ B CASA 15 BAVARIA COUNTRY ABIERTO', 'BAVARIA COUNTRY ABIERTO', '', 'castillocastillo20020@institutolamilagrosa.com', NULL, NULL, NULL),
(118, 486, 'MZNA O CASA 7 CONCEPCIÒN 2', 'SANTA CRUZ', 'ABOGADA', 'heffer543@institutolamilagrosa.com', NULL, NULL, NULL),
(119, 567, 'DIAG. 34  8-84', 'MAMATOCO', '', 'salcedoacevedo20015@institutolamilagrosa.com', NULL, NULL, NULL),
(120, 482, 'CARRERA 32B  14A-19 GALICIA', 'GALICIA', 'LICENCIADA EN IDIOMAS', 'jhernandez378@institutolamilagrosa.com', NULL, NULL, NULL),
(121, 536, 'Carrera 4B  32- 41', 'MANZANARES', 'Administradora', 'kmacias026@institutolamilagrosa.com', NULL, NULL, NULL),
(122, 574, 'CALLE 16 N 2-62', 'TAGANGA', '', 'alvarezgonzalez20018@institutolamilagrosa.com', NULL, NULL, NULL),
(123, 503, 'CALLE 29  17-170 CASA 39 QUINTAS DEL ROSARIO', 'QUINTAS DEL ROSARIO', 'BACTERIOLOGA', 'kbustamante215@institutolamilagrosa.com', NULL, NULL, NULL),
(124, 378, 'CARRERA 21E  29I-24 CASA 13 VILLA CAMY EL PIÑON', 'EL PIÑON', 'PSICOLOGA/DOCENTE', 'kperez336@institutolamilagrosa.com', NULL, NULL, NULL),
(125, 333, 'TRANSVERSAL 9C  34-76 URB. ALEJANDRINA', 'URB. ALEJANDRINA', 'DOCENTE', 'yternera414@institutolamilagrosa.com', NULL, NULL, NULL),
(126, 394, 'AV. FERROCARRIL 29H2-104 CASA 141 COND. CAÑAVERAL', 'CONDOMINIO CAÑAVERAL', 'TRABAJADORA SOCIAL', 'dnieves463@institutolamilagrosa.com', NULL, NULL, NULL),
(127, 350, 'CALLE 26I1  21D-111 VILLA WENDY', 'VILLA WENDY', 'CONSULTORA SERVICIO AL CLIENTE', 'fquintero470@institutolamilagrosa.com', NULL, NULL, NULL),
(128, 526, 'CARRERA 19  11-73 LOS ALMENDROS', 'LOS ALMENDROS', 'ADMINISTRADORA TURISTICA Y HOTELERA', 'amarriaga487@institutolamilagrosa.com', NULL, NULL, NULL),
(129, 595, 'MZ C CASA 9', 'MIRACAMPESTRE', '', 'sanchezcampo20031@institutolamilagrosa.com', NULL, NULL, NULL),
(130, 453, 'CALLE 17A  9-30 PUEBLITO', 'PUEBLITO', 'COMERCIANTE', 'zserje906@institutolamilagrosa.com', NULL, NULL, NULL),
(131, 420, 'CALLE 13  1-07 TAGANGA', 'TAGANGA', 'ASESORA DE TURISMO', 'amattos839@institutolamilagrosa.com', NULL, NULL, NULL),
(132, 495, 'CARRERA 19B  27-05 LOS NARANJOS', 'LOS NARANJOS', 'FISIOTERAPEUTA', 'aarias958@institutolamilagrosa.com', NULL, NULL, NULL),
(133, 428, 'CALLE 18 10-9 EL PUEBLITO', 'EL CUNDI', 'AUXILIAR CONTABLE -CAJERA', 'mfarelo793@institutolamilagrosa.com', NULL, NULL, NULL),
(134, 461, 'MANZANA G CASA 127 BOULEVARD LA 19', 'BOULEVAR LA 19', 'PSICOLOGA', 'eacuna183@institutolamilagrosa.com', NULL, NULL, NULL),
(135, 529, 'CARRERA 17  10-32 LOS ALMENDROS', 'LOS ALMENDROS', 'ENFERMERA', 'lrendon339@institutolamilagrosa.com', NULL, NULL, NULL),
(136, 620, 'CALLE 12 20  125 APTO 302 SAN FRANCISCO', '', '', 'maciasmunoz2020068@institutolamilagrosa.com', NULL, NULL, NULL),
(137, 494, 'CALLE 16  2-73 RODADERO', 'RODADERO', 'ASESORA COMERCIAL', 'elopez155@institutolamilagrosa.com', NULL, NULL, NULL),
(138, 490, 'MANZANA 10 CASA 15 URB. SIERRADENTRO', 'SIERRA ADENTRO', 'AMA DE CASA', 'jnavarro873@institutolamilagrosa.com', NULL, NULL, NULL),
(139, 325, 'CARRERA 33A  17-23 VILLA SARA 2', 'LOS ALCAZARES', 'MICROBIOLOGA- COORDINADORA DE CALIDAD', 'kfuentes237@institutolamilagrosa.com', NULL, NULL, NULL),
(140, 577, 'MZ 13 CASA 10 APTO 2', 'EL PARQUE', '', 'britocamargo@institutolamilagrosa.com', NULL, NULL, NULL),
(141, 464, 'CALLE 4  20-33 BONDA', 'BONDA', 'AMA DE CASA', 'dhenao992@institutolamilagrosa.com', NULL, NULL, NULL),
(142, 618, ' CALLE 4  1-B 07 TAGANGA', '', '', 'alvarezagudelo20065@institutolamilagrosa.com', NULL, NULL, NULL),
(143, 617, 'CALLE 4 11- 80 CASA 5 APTO 201 GAIRA', 'GAIRA', '', 'alfaroospina2020062@institutolamilagrosa.com', NULL, NULL, NULL),
(144, 487, 'CRA 14 29C 69 CASA 17  BAVARIA', 'SAN JOSE', 'AMA DE CASA', 'mzuluaga668@institutolamilagrosa.com', NULL, NULL, NULL),
(145, 491, 'CARRERA 17  23-33 LOS ALCAZARES', 'LOS ALCAZARES', 'DOCENTE', 'apereira351@institutolamilagrosa.com', NULL, NULL, NULL),
(146, 328, 'AV. FERROCARRIL 29H2-104 CASA 163', 'CONDOMINIO CAÑAVERAL', '', 'gmarrugo270@institutolamilagrosa.com', NULL, NULL, NULL),
(147, 387, 'MANZANA H CASA 148 BOULEVARD DE LAS ROSAS', 'BULEVARD DE LAS ROSAS', 'INGENIERA DE SISTEMAS', 'tpadilla754@institutolamilagrosa.com', NULL, NULL, NULL),
(148, 533, 'CARRERA 43  34.24 SIERRADENTRO RESERVADO CASA 31', 'SIERRA ADENTRO', 'BACTERIOLOGA', 'agamez675@institutolamilagrosa.com', NULL, NULL, NULL),
(149, 594, 'MANZANA 1 CASA 6', '', '', 'gutierrezmunoz20010@institutolamilagrosa.com', NULL, NULL, NULL),
(150, 532, 'CARRERA 19A  23-05 LOS NARANJOS', 'LOS NARANJOS', 'INDEPENDIENTE', 'jtorres513@institutolamilagrosa.com', NULL, NULL, NULL),
(151, 458, 'MANZANA E CASA 41 CIUDAD DEL SOL III ETAPA', 'CIUDAD DEL SOL', 'COMERCIANTE', 'daguilar964@institutolamilagrosa.com', NULL, NULL, NULL),
(152, 585, 'MZ 32 CASA 5 URB ANDREA CAROLINA', 'ANDREA CAROLINA', '', 'gomezkerguelen2020038@institutolamilagrosa.com', NULL, NULL, NULL),
(153, 382, 'MANZANA 2 CASA 11 SIERRADENTRO', 'SIERRA ADENTRO', '', 'mlozano225@institutolamilagrosa.com', NULL, NULL, NULL),
(154, 317, 'CALLE 11D  32-33 GALICIA', 'GALICIA', 'TECNICO ADMINISTRADOR EN SALUD', 'mariza562@institutolamilagrosa.com', NULL, NULL, NULL),
(155, 398, 'MANZANA 23 CASA 4 NUEVA ANDREA CAROLINA', 'NUEVA ANDREA CAROLINA', 'INSTRUMENTADORA QUIRURGICA', 'pherrera116@institutolamilagrosa.com', NULL, NULL, NULL),
(156, 388, 'MANZANA A CASA 2 BULEVAR LA 19', 'BOULEVAR LA 19', 'ADMINISTRADORA', 'crangel128@institutolamilagrosa.com', NULL, NULL, NULL),
(157, 389, 'AV. FERROCARRIL  12-46 EDIF. MANUEL APTO 401 CENTR', 'CENTRO', 'ADMINISTRADORA DE EMPRESAS', 'karias324@institutolamilagrosa.com', NULL, NULL, NULL),
(158, 581, 'MANZANA 7 CASA 4', 'SIERRA ADENTRO', '', 'moronbarros20001@institutolamilagrosa.com', NULL, NULL, NULL),
(159, 418, 'TORRE 4 APTO 404 ALTOS DE MAYORCA', 'LOS LAURELES', 'ENFERMERA PROFESIONAL', 'ccontreras530@institutolamilagrosa.com', NULL, NULL, NULL),
(160, 401, 'TRANSV. 9 17A- 155 APTO 403 PALO ALTO BAVARIA', 'BULEVARD DE LAS ROSAS', 'GERENTE', 'sforero740@institutolamilagrosa.com', NULL, NULL, NULL),
(161, 489, 'CALLE 23  18A-84 SANTA CATALINA', 'SANTA CATALINA', 'INDEPENDIENTE', 'squintero129@institutolamilagrosa.com', NULL, NULL, NULL),
(162, 521, 'PARQUES DE BOLIVAR ETAPA 1 TORRE 31 APTO 502', '', '', 'pperez517@institutolamilagrosa.com', NULL, NULL, NULL),
(163, 497, 'CALLE 11F  34F-04 GALICIA', 'GALICIA', 'ARCHIVISTA', 'aparodi389@institutolamilagrosa.com', NULL, NULL, NULL),
(164, 312, 'DIAGONAL  34  9-87 MAMATOCO', 'MAMATOCO', 'CONTADOR PUBLICO', 'vmolina551@institutolamilagrosa.com', NULL, NULL, NULL),
(165, 334, 'CALLE 11E  33B-37 GALICIA', 'GALICIA', 'ENFERMERA', 'vvilarete683@institutolamilagrosa.com', NULL, NULL, NULL),
(166, 353, 'CALLE 12  20-118 LOS OLIVOS', 'LOS OLIVOS', 'CONTADORA PUBLICA', 'jpertuz812@institutolamilagrosa.com', NULL, NULL, NULL),
(167, 607, 'CALLE 5 10- 29  PESCAITO', 'PESCAITO', '', 'camargomelchor2020054@institutolamilagrosa.com', NULL, NULL, NULL),
(168, 614, 'CARRERA 5  5-92 PESCAITO', 'PESCAITO', '', 'aguirretete2020060@institutolamilagrosa.com', NULL, NULL, NULL),
(169, 500, 'Condominio Palo Alto Torre 1 Apto 504', 'BAVARIA COUNTRY', 'FINANCISTA', 'dmorantes129@institutolamilagrosa.com', NULL, NULL, NULL),
(170, 414, 'DIAGONAL 33  8-34 MAMATOCO', 'MAMATOCO', 'DOCENTE', 'scandelario299@institutolamilagrosa.com', NULL, NULL, NULL),
(171, 512, 'CARRERA 22  29E-18 AVENIDA DEL RIO BARRIO SIMON B', 'AV. DEL RIO', 'ENFERMERA', 'sternera543@institutolamilagrosa.com', NULL, NULL, NULL),
(172, 523, 'CARRERA 20A  10A-15 LOS ALMENDROS', 'LOS ALMENDROS', 'ADMINISTRADORA', 'balvarez543@institutolamilagrosa.com', NULL, NULL, NULL),
(173, 504, 'CALLE 27  6B-30 TAMINAKA I', 'TAMINAKA', 'MEDICO', 'nperez636@institutolamilagrosa.com', NULL, NULL, NULL),
(174, 622, 'MZ 01 CASA 4 CONCEPCIÓN  3', 'CIUDADELA 29 DE JULIO', '', 'ovallecastro2020067@institutolamilagrosa.com', NULL, NULL, NULL),
(175, 586, 'CALLE 48C  23-24 APTO 301 BRISAS DEL NEVADO', 'BRISAS DEL NEVADO', '', 'roblesrodriguez20039@institutolamilagrosa.com', NULL, NULL, NULL),
(176, 527, 'CALLE 26BIS  26-15 LA ESPERANZA', 'LA ESPERANZA', 'AMA DE CASA', 'mmarthinsen964@institutolamilagrosa.com', NULL, NULL, NULL),
(177, 601, 'CARRERA 21A4  29C 211 APTO 2 BOULEVARD DE LAS ROSA', 'BULEVARD DE LAS ROSAS', '', 'campobarros20048@institutolamilagrosa.com', NULL, NULL, NULL),
(178, 314, 'MANZANA 3 CASA 69 MAYORCA', 'MAYORCA', 'DOCENTE', 'ltorres395@institutolamilagrosa.com', NULL, NULL, NULL),
(179, 319, 'CARRERA 11 17-30 EL PUEBLITO', 'PUEBLITO', 'AMA DE CASA', 'kpantoja115@institutolamilagrosa.com', NULL, NULL, NULL),
(180, 444, 'MANZAN P CASA 2 APTO 201 PORTAL DE LAS AVENIDAS', 'PORTAL DE LAS AVENIDAS', 'AMA DE CASA', 'nrojas505@institutolamilagrosa.com', NULL, NULL, NULL),
(181, 562, 'CALLE 26A   16-97', 'LOS ALCAZARES', '', 'campogranados20007@institutolamilagrosa.com', NULL, NULL, NULL),
(182, 329, 'Manzana 12 Casa 9 Nuevo Horizonte', 'VILLA MARBELLA', 'FONOAUDIOLOGA', 'mmartinez542@institutolamilagrosa.com', NULL, NULL, NULL),
(183, 466, 'CARRERA 24A  15-21 LIBERTADOR', 'LIBERTADOR', 'PSICOLOGA', 'hcalderon776@institutolamilagrosa.com', NULL, NULL, NULL),
(184, 342, 'MANZANA O CASA 2 BRISAS DE TAMACÁ', 'BRISAS DE TAMACA', '', 'lllanos140@institutolamilagrosa.com', NULL, NULL, NULL),
(185, 343, 'DIAGONAL 33  9AB-51 LOS TRUPILLOS MAMATOCO', 'MAMATOCO', 'COORDINADORA GESTION HUMANA', 'macevedo111@institutolamilagrosa.com', NULL, NULL, NULL),
(186, 303, 'CALLE 21 22-111 JARDIN', 'LOS OLIVOS', 'ADMINISTRADORA', 'igrazziani305@institutolamilagrosa.com', NULL, NULL, NULL),
(187, 408, 'CALLE 22 6-78 LA ESPERANZA', 'EL PRADO', 'ABOGADA', 'abossa500@institutolamilagrosa.com', NULL, NULL, NULL),
(188, 483, 'MANZANA 2 CASA 8 SIERRA DENTRO', 'SIERRA ADENTRO', 'ODONTOLOGA', 'fdaw997@institutolamilagrosa.com', NULL, NULL, NULL),
(189, 311, 'CALLE 26C  20-70 NUEVO JARDIN', 'NUEVO JARDIN', 'DOCENTE', 'kbruges359@institutolamilagrosa.com', NULL, NULL, NULL),
(190, 397, 'CARRERA 16E  17-36 SAN JOSE 2do piso', 'SAN JOSE', 'ANALISTA MEDIDA ESPECIAL', 'lmelo473@institutolamilagrosa.com', NULL, NULL, NULL),
(191, 306, 'MANZANA 4  CASA 58 CANARIAS 1', 'URB. CANARIAS', 'DOCENTE', 'rfontalvo539@institutolamilagrosa.com', NULL, NULL, NULL),
(192, 339, 'CALLE 26B  18A-06 SANTA CATALINA', 'SANTA CATALINA', 'PSICOPEDAGOGA', 'rnunez130@institutolamilagrosa.com', NULL, NULL, NULL),
(193, 513, 'CARRERA 16  8-31 OBRERO', 'OBRERO', 'AMA DE CASA', 'yblanco479@institutolamilagrosa.com', NULL, NULL, NULL),
(194, 348, 'MANZANA 4 CASA 61 CONJUNTO NEVADA', 'NEVADA', 'AMA DE CASA', 'strujillo505@institutolamilagrosa.com', NULL, NULL, NULL),
(195, 352, 'CALLE 29A  18A-23 URB. EL RIO', 'URB. EL RIO', 'ABOGADA ASESORA EXTERNA', 'cromero436@institutolamilagrosa.com', NULL, NULL, NULL),
(196, 443, 'CALLE 23  17A-106 LOS ALCAZARES', 'LOS ALCAZARES', 'CONTADORA', 'acontreras790@institutolamilagrosa.com', NULL, NULL, NULL),
(197, 407, 'MANZANA E CASA 15 VILLAS DE ALEJANDRIA', 'VILLA ALEJANDRIA', 'ODONTOLOGA', 'oyanet804@institutolamilagrosa.com', NULL, NULL, NULL),
(198, 449, 'CALLE 21A  16-35 13 DE JUNIO', '43995', 'ABOGADA', 'srodriguez218@institutolamilagrosa.com', NULL, NULL, NULL),
(199, 327, 'BOULEVAR LA 19 MANZANA B CASA 33', 'BOULEVAR LA 19', 'PROFESIONAL UNIVERSITARIO GRADO 9', 'oking291@institutolamilagrosa.com', NULL, NULL, NULL),
(200, 377, 'CALLE 6  1B-50 TAGANGA', 'TAGANGA', 'DOCENTE', 'bmaestre512@institutolamilagrosa.com', NULL, NULL, NULL),
(201, 321, 'MANZANA Y CASA 9 CONCEPCION 2', 'LA CONCEPCION II', 'ESTILISTA', 'sluna085@institutolamilagrosa.com', NULL, NULL, NULL),
(202, 364, 'CALLE 29K 1  21D-02 LOS LAURELES', 'LOS LAURELES', 'SECRETARIA EJECUTIVA BILINGUE', 'dalvarez705@institutolamilagrosa.com', NULL, NULL, NULL),
(203, 468, 'MANZANA T CASA 19 VILLAS DE ALEJANDRIA', 'VILLA ALEJANDRIA', 'COSMETOLOGA', 'rhincapie946@institutolamilagrosa.com', NULL, NULL, NULL),
(204, 413, 'CALLE 9  14-18 VERACRUZ', 'VERACRUZ', '', 'zpalacio227@institutolamilagrosa.com', NULL, NULL, NULL),
(205, 365, 'CALLE 12  18-122 BLOQUE 4 APTO 402 RIASCOS', 'RIASCOS', 'CONTADOR', 'rgalvis654@institutolamilagrosa.com', NULL, NULL, NULL),
(206, 451, 'CARRERA 15 A  7-61 BARRIO OBRERO', 'VILLA MERCEDES', 'INGENIERA DE SISTEMAS', 'evillalobos911@institutolamilagrosa.com', NULL, NULL, NULL),
(207, 393, 'CALLE 11  35-29 BASTIDAS', 'BASTIDAS', 'ARQUITECTA/DOCENTE', 'lramirez071@institutolamilagrosa.com', NULL, NULL, NULL),
(208, 310, 'MANZANA 3 CASA 59 URB. MALLORCA', 'URB. MALLORCA', 'PERIODISTA', 'jmonnery599@institutolamilagrosa.com', NULL, NULL, NULL),
(209, 462, 'CALLE 31  3-79 MANZANARES', 'MANZANARES', 'DOCENTE/TUTOR', 'myepes139@institutolamilagrosa.com', NULL, NULL, NULL),
(210, 572, 'CALLE 12  18-83  EDIF. PRIMAVERA', 'RIASCOS', '', 'garciabenedetti20025@institutolamilagrosa.com', NULL, NULL, NULL),
(211, 615, 'MANZANA F CASA 2 BRISAS DE LA SIERRA', 'BRISAS DE LA SIERRA', '', 'alvarezorozco2020057@institutolamilagrosa.com', NULL, NULL, NULL),
(212, 421, 'CALLE 20  6-23 CENTRO', 'CENTRO', 'ASISTENTE UNIDAD DE REGALIAS', 'isierra386@institutolamilagrosa.com', NULL, NULL, NULL),
(213, 563, 'MANZANA 2 CASA 32 NEVADA', 'URB. NEVADA', 'ARQUITECTO', 'gomezarregoces2020008@institutolamilagrosa.com', NULL, NULL, NULL),
(214, 571, 'CALLE 9 N° 16ªA- 07 ED. OASIS DEL TESORO APTO 407', 'LOS ALMENDROS', '', 'medinaferrigno20026@institutolamilagrosa.com', NULL, NULL, NULL),
(215, 370, 'MANZANA 99 CASA 3 CIUDADELA 29 DE JULIO', 'CIUDADELA 29 DE JULIO', 'DOCENTE', 'oocampo101@institutolamilagrosa.com', NULL, NULL, NULL),
(216, 338, 'CALLE 8  17A-04 LOS ALMENDROS', 'LOS ALMENDROS', 'CONTADORA PUBLICA', 'sguardiola371@institutolamilagrosa.com', NULL, NULL, NULL),
(217, 359, 'CARRERA 23  12-45 LOS OLIVOS', 'LOS OLIVOS', '', 'mmoreno723@institutolamilagrosa.com', NULL, NULL, NULL),
(218, 437, 'TRANSVERSAL 9D  34-20 URB. ALEJANDRINA', 'URB. ALEJANDRINA', 'AMA DE CASA', 'csanchez756@institutolamilagrosa.com', NULL, NULL, NULL),
(219, 320, 'MANZANA 3 CASA 33 ETAPA 1 CANARIAS', 'URB. CANARIAS', 'SECRETARIA', 'aureche296@institutolamilagrosa.com', NULL, NULL, NULL),
(220, 550, 'Transversal 9N 29H  2-104 Casa 42', 'CONDOMINIO CAÑAVERAL', 'gerente', 'ygiraldo476@institutolamilagrosa.com', NULL, NULL, NULL),
(221, 499, 'MANZANA 36 CASA 12 EL PANDO', 'EL PANDO', 'CONTADORA PUBLICA', 'jgonzalez533@institutolamilagrosa.com', NULL, NULL, NULL),
(222, 442, 'Calle 29a # 13b-71 la castellana apto 701', 'SANTA LUCIA', 'COMERCIANTE', 'cbrito703@institutolamilagrosa.com', NULL, NULL, NULL),
(223, 435, 'CALLE 19  10-01 CENTRO', 'CENTRO', 'COMUNICADORA SOCIAL Y PERIODISTA', 'gacosta757@institutolamilagrosa.com', NULL, NULL, NULL),
(224, 592, 'MANZANA 86 CASA 6', 'CIUDADELA 29 DE JULIO', '', 'linerosalcedo2020003@institutolamilagrosa.com', NULL, NULL, NULL),
(225, 590, 'MANZANA 3 CASA 4 URB. LAS CASAS', 'CENTRO', '', 'granadosrios2020009@institutolamilagrosa.com', NULL, NULL, NULL),
(226, 373, 'CALLE 11  16A-52 LAS DELICIAS', 'LAS DELICIAS', 'AMA DE CASA', 'siguaran411@institutolamilagrosa.com', NULL, NULL, NULL),
(227, 530, 'CARRERA 17B  7A-15 LOS ALMENDROS', 'LOS ALMENDROS', 'AUXILIAR DE ENFERMERIA', 'ygonzalez596@institutolamilagrosa.com', NULL, NULL, NULL),
(228, 619, 'CALLE 6  11-04 GAIRA', 'GAIRA', 'ESTUDIANTE', 'guzmanhernandez2020066@institutolamilagrosa.com', NULL, NULL, NULL),
(229, 566, 'MANZANA 5 CASA 87', 'URB. NEVADA', 'ANALISTA', 'nietoruiz20013@institutolamilagrosa.com', NULL, NULL, NULL),
(230, 330, 'transversal 9 N° 29-446 villas del mayor casa 57', 'BAVARIA COUNTRY', 'AMA DE CASA', 'vlizarazo788@institutolamilagrosa.com', NULL, NULL, NULL),
(231, 528, 'MANZANA L CASA 03 CIUDAD DEL SOL', 'CIUDAD DEL SOL', 'COMERCIANTE', 'mduran829@institutolamilagrosa.com', NULL, NULL, NULL),
(232, 540, 'Calle 8 Carrera 9   9-46', 'OLAYA HERRERA', 'COORDINADORA SSTA', 'jrendon904@institutolamilagrosa.com', NULL, NULL, NULL),
(233, 427, 'CALLE 5  12-65 PESCAITO', 'PESCAITO', 'AMA DE CASA', 'jparedes385@institutolamilagrosa.com', NULL, NULL, NULL),
(234, 410, 'CALLE 48  23-30 BRISAS DEL NEVADO', 'CENTRO', 'COMERCIANTE', 'jnavarro071@institutolamilagrosa.com', NULL, NULL, NULL),
(235, 626, 'CALLE 3A 26-225 SECTOR SALGUERO', 'GAIRA', '', 'velandiabulla20074@institutolamilagrosa.com', NULL, NULL, NULL),
(236, 551, 'CALLE 19 N 33c-9', 'SANTA LUCIA', 'PROPIETARIO', 'cpadilla726@institutolamilagrosa.com', NULL, NULL, NULL),
(237, 304, 'CARRERA 4  19C-33  GAIRA', 'GAIRA', 'ADMINISTRADOR', 'bmorinelly757@institutolamilagrosa.com', NULL, NULL, NULL),
(238, 367, 'CARRERA 21  29C-59 BOULEVARD DE LAS ROSAS', 'BULEVARD DE LAS ROSAS', 'COMERCIANTE', 'jjimenez039@institutolamilagrosa.com', NULL, NULL, NULL),
(239, 501, 'MANZAN I CASA 3 NEVADA', 'NEVADA', 'PENSIONADO', 'jgutierrez812@institutolamilagrosa.com', NULL, NULL, NULL),
(240, 552, 'CRA 21F 47-65', 'URB. TERRANOVA', 'JEFE  DE EVENTOS', 'jhernandez178@institutolamilagrosa.com', NULL, NULL, NULL),
(241, 588, 'CALLE 26 BIS # 7 -116', 'LA ESPERANZA', '', 'torresmeza2020041@institutolamilagrosa.com', NULL, NULL, NULL),
(242, 553, 'Manzana 13 Casa 1 La Bolivariana', 'BOLIVARIANA', 'Odontologo', 'lzafra910@institutolamilagrosa.com', NULL, NULL, NULL),
(243, 305, 'CALLE 10  19B-34 LOS ALMENDROS', 'LOS ALMENDROS', 'COMERCIANTE', 'edelahoz403@institutolamilagrosa.com', NULL, NULL, NULL),
(244, 403, 'KR 19 No 24-16 APTO 1607 EDIF TORRE 1924', 'CONDOMINIO CAÑAVERAL', 'ADMINISTRADOR DE EMPRESAS', 'cmartinez269@institutolamilagrosa.com', NULL, NULL, NULL),
(245, 351, 'MANZANA M CASA 10 VILLA ALEJANDRIA', 'VILLA ALEJANDRIA', 'CONTADOR PUBLICO', 'irodriguez286@institutolamilagrosa.com', NULL, NULL, NULL),
(246, 476, 'MANZANA N CASA 320 VILLA MARBELLA', 'VILLA MARBELLA', 'Asistente de Subsidio Familiar', 'jlobato673@institutolamilagrosa.com', NULL, NULL, NULL),
(247, 331, 'CALLE 9 15-08 GAIRA', 'GAIRA', 'CONDUCTOR', 'ogamez169@institutolamilagrosa.com', NULL, NULL, NULL),
(248, 480, 'MANZANA 66 CASA 8 EL PANDO', 'EL PANDO', 'PENSIONADO', 'ifulla473@institutolamilagrosa.com', NULL, NULL, NULL),
(249, 445, 'MZNA I CASA 20 URB. ASOCORS', 'BAVARIA', 'EMPLEADO', 'dpalencia864@institutolamilagrosa.com', NULL, NULL, NULL),
(250, 409, 'MANZANA B CASA 22 VILLAS DE ALEJANDRIA', 'VILLA ALEJANDRIA', 'ARQUITECTO', 'curbina640@institutolamilagrosa.com', NULL, NULL, NULL),
(251, 478, 'CALLE 11D  25-06 JUAN XXIII', 'JUAN XXIII', 'COMERCIANTE', 'jmesa040@institutolamilagrosa.com', NULL, NULL, NULL),
(252, 539, 'Calle 48  26-53', 'SANTA CRUZ', 'Gerente', 'wlazcano423@institutolamilagrosa.com', NULL, NULL, NULL),
(253, 534, 'ETAPA 3 APTO 204 TORRE 10 PARQUES DE BOLIVAR', 'BOLIVARIANA', 'Abogado', 'lcotes752@institutolamilagrosa.com', NULL, NULL, NULL),
(254, 315, 'MANZANA D CASA 4 CONCEPCION 2', 'LA CONCEPCION II', 'ama de casa', 'lcamargo817@institutolamilagrosa.com', NULL, NULL, NULL),
(255, 416, 'CALLE 37A  78-101 11 DE NOVIEMBRE', '44146', 'DOCENTE', 'aaraujo470@institutolamilagrosa.com', NULL, NULL, NULL),
(256, 307, 'MANZANA 5 CASA 13 FILADELFIA', 'URB. FILADELFIA', 'ELECTRICISTA', 'jdeltoro253@institutolamilagrosa.com', NULL, NULL, NULL),
(257, 541, 'Carrera 19  8-27', 'LOS ALMENDROS', 'Administrador de Empresas', 'apineda776@institutolamilagrosa.com', NULL, NULL, NULL),
(258, 318, 'MANZANA 2 CASA 32 NEVADA', 'URB. NEVADA', 'ARQUITECTO', 'gomezarregoces2020008@institutolamilagrosa', NULL, NULL, NULL),
(259, 469, 'CARRERA 24A  15-13 LIBERTADOR', 'LIBERTADOR', 'INGENIERO DE SISTEMAS', 'vparedes532@institutolamilagrosa.com', NULL, NULL, NULL),
(260, 308, 'MANZANA 15  CASA 20 ANDREA CAROLINA', 'ANDREA CAROLINA', 'ANALISTA ADMINISTRATIVA', 'yduncan813@institutolamilagrosa.com', NULL, NULL, NULL),
(261, 538, 'Calle 21 5A-165', 'TAGANGA', 'Auxiliar Administrativo', 'aarango128@institutolamilagrosa.com', NULL, NULL, NULL),
(262, 535, 'Carrera 7B  28B-96', 'TAMINACA I', 'Profesional Universitario', 'aramos367@institutolamilagrosa.com', NULL, NULL, NULL),
(263, 561, 'Copey, Cesar', '', '', 'jfernandez241@institutolamilagrosa.com', NULL, NULL, NULL),
(264, 511, 'CALLE 26A  13-97 LOS ALCAZARES', 'LOS ALCAZARES', 'ODONTOLOGO/ORTODONCISTA', 'jgranados652@institutolamilagrosa.com', NULL, NULL, NULL),
(265, 399, 'CALLE 13  4-69 CENTRO', 'CENTRO', 'COMERCIANTE', 'lcuellar811@institutolamilagrosa.com', NULL, NULL, NULL),
(266, 560, 'CALLE 18 # 8 - 25', 'CENTRO', '', 'wescorcia394@institutolamilagrosa.com', NULL, NULL, NULL),
(279, 520, 'MZNA 4 CASA 45 ETAPA 2 CANARIAS', 'URB. NEVADA', 'ABOGADA', 'jcastro555@institutolamilagrosa.com', NULL, NULL, NULL),
(300, 485, 'CARRERA 17 11A-39 APTO 101 RIASCOS', 'RIASCOS', '', 'kvanegas318@institutolamilagrosa.com', NULL, NULL, NULL),
(305, 412, 'CALLE 18  8C-50 CENTRO', 'CENTRO', 'AMA DE CASA', 'ksaleme280@institutolamilagrosa.com', NULL, NULL, NULL),
(306, 430, 'CALLE 11D 17-30 RIASCOS', 'LOS ALCAZARES', 'LICENCIADA EN MATEMATICAS E INFORMATICA', 'rsoto095@institutolamilagrosa.com', NULL, NULL, NULL),
(313, 488, 'CALLE 39 CARRERA 65-115 MANZANA G CASA 6 VILLA TOL', 'VILLA TOLEDO', 'ASESOR CONTABLE/ESTUDIANTE', 'yfernandez100@institutolamilagrosa.com', NULL, NULL, NULL),
(332, 473, 'CALLE 24  32-39 CASA 15 CONJ. VILLA DANY LA FLORID', 'LA FLORIDA', 'ABOGADO', 'mpita870@institutolamilagrosa.com', NULL, NULL, NULL),
(352, 587, 'CALLE 5 11 - 55', 'GAIRA', '', 'sarmientomerino2020040@institutolamilagrosa.com', NULL, NULL, NULL),
(361, 568, 'MZ 1 CASA 10', 'URB. MALLORCA', '', 'gutierrezcandanoza20021@institutolamilagrosa.com', NULL, NULL, NULL),
(367, 580, 'CALLE 31  10-03 COREA', 'CENTRO', 'DOCENTE', 'velasquezmolina20023@institutolamilagrosa.com', NULL, NULL, NULL),
(368, 475, 'MANZANA L CASA 17 CIUDAD DEL SOL', 'CIUDAD DEL SOL', 'ENFERMERA', 'abarranco660@institutolamilagrosa.com', NULL, NULL, NULL),
(371, 583, 'CALLE 48  26 - 41 RINCONES SANTA CRUZ', 'SANTA CRUZ', '', 'diazrodriguez2020034@institutolamilagrosa.com', NULL, NULL, NULL),
(382, 519, 'MANZANA Ñ CASA 5 CONCEPCION II', 'SAN FRANCISCO', 'REALIZADORA AUDIOVISUAL', 'jmachado128@institutolamilagrosa.com', NULL, NULL, NULL),
(389, 508, 'CALLE 31  6-66 MANZANARES', 'MANZANARES', 'ENFERMERA', 'aparra896@institutolamilagrosa.com', NULL, NULL, NULL),
(408, 603, 'CARRERA 4AI  2-28 GAIRA', 'GAIRA', '', 'larayepes2020049@institutolamilagrosa.com', NULL, NULL, NULL),
(421, 424, 'CALLE 21A  27-49 POSTOBON', 'LA ESPERANZA', 'ENFERMERA', 'ncantillo328@institutolamilagrosa.com', NULL, NULL, NULL),
(428, 625, 'CALLE 12 A  15 -06 GAIRA', 'GAIRA', '', 'cervantesdiaza20073@institutolamilagrosa.com', NULL, NULL, NULL),
(437, 564, 'CALLE 24 28C-32', 'CONJ. CLAUDIA PATRICIA', '', 'ibanezrueda20011@institutolamilagrosa.com', NULL, NULL, NULL),
(447, 608, 'CALLE  10  16 -  23', 'LOS ALMENDROS', '', 'morarodriguez2020055@institutolamilagrosa.com', NULL, NULL, NULL),
(448, 544, 'Calle 28  17A-79', 'SANTA ELENA', 'Psicologa', 'lfuentes490@institutolamilagrosa.com', NULL, NULL, NULL),
(450, 609, 'CR 7B  28B - 44 TAMINACA 1', 'TAMINACA I', '', 'rodriguezorejarena2020056@institutolamilagrosa.com', NULL, NULL, NULL),
(455, 496, 'MANZANA Z1 CASA 5 CONCEPCION II', 'LA CONCEPCION II', 'PSICOLOGA', 'ddearmas075@institutolamilagrosa.com', NULL, NULL, NULL),
(490, 597, 'CALLE  12  #  3-51. APARTAMENTO  1 TAGANGA', 'TAGANGA', '', 'gomezarroyo2020044@institutolamilagrosa.com', NULL, NULL, NULL),
(495, 616, 'MZNA B CASA 16 TEJARES DEL LIBERTADOR', 'TEJARES DEL LIBERTADOR', '', 'curielperez2020064@institutolamilagrosa.com', NULL, NULL, NULL),
(498, 326, 'CALLE 12  19-101', 'SAN FRANCISCO', 'ESTUDIANTE', 'wrestrepo126@institutolamilagrosa.com', NULL, NULL, NULL),
(503, 596, 'CALLE 11A  20- 47', 'SAN FRANCISCO', '', 'ruizvides20005@institutolamilagrosa.com', NULL, NULL, NULL),
(522, 612, 'CALLE 27 13 60 BOSTON', 'BOSTON', '', 'fontalvofernandez2020059@institutolamilagrosa.com', NULL, NULL, NULL),
(533, 611, 'MZNA I CASA 10 CONCEPCIÓN 2', 'LA CONCEPCION II', '', 'diazrodriguez2020063@institutolamilagrosa.com', NULL, NULL, NULL),
(535, 361, 'MANZANA C CASA 13 URB. PRIVILEGIO', 'URB PRIVILEGIOS', 'DISEÑADORA GRAFICA', 'lfernandez235@institutolamilagrosa.com', NULL, NULL, NULL),
(536, 542, 'Carrera 19  29D-01', 'BULEVARD DE LAS ROSAS', 'Ama de Casa', 'ecorrea630@institutolamilagrosa.com', NULL, NULL, NULL),
(540, 610, 'MZNA W CASA 18 VILLAS DE ALEJANDRIA', 'VILLA ALEJANDRIA', '', 'penanoriega20058@institutolamilagrosa.com', NULL, NULL, NULL),
(598, 375, 'CALLE 21  4-59 CENTRO', 'CENTRO', 'ADMINISTRADORA', 'ldonado849@institutolamilagrosa.com', NULL, NULL, NULL),
(605, 584, 'calle 45a número 27 - 150 Atardecer de la Sierra', 'VILLA DEL MAR II (RODADERO)', '', 'fuentesmazenet20035@institutolamilagrosa.com', NULL, NULL, NULL),
(624, 546, 'MANZANA 4 CASA 9 VILLA FRANCA', 'CENTRO', '', 'dleon908@institutolamilagrosa.com', NULL, NULL, NULL);

-- --------------------------------------------------------

--
-- Estructura de tabla para la tabla `estudiantes`
--

CREATE TABLE `estudiantes` (
  `id` int(10) UNSIGNED NOT NULL,
  `personas_id` int(10) UNSIGNED NOT NULL,
  `codigo` varchar(255) COLLATE utf8mb4_unicode_ci NOT NULL,
  `grado` varchar(255) COLLATE utf8mb4_unicode_ci NOT NULL,
  `eps` varchar(255) COLLATE utf8mb4_unicode_ci NOT NULL,
  `cupo` varchar(255) COLLATE utf8mb4_unicode_ci NOT NULL,
  `created_at` timestamp NULL DEFAULT NULL,
  `updated_at` timestamp NULL DEFAULT NULL,
  `deleted_at` timestamp NULL DEFAULT NULL
) ENGINE=InnoDB DEFAULT CHARSET=utf8mb4 COLLATE=utf8mb4_unicode_ci;

--
-- Volcado de datos para la tabla `estudiantes`
--

INSERT INTO `estudiantes` (`id`, `personas_id`, `codigo`, `grado`, `eps`, `cupo`, `created_at`, `updated_at`, `deleted_at`) VALUES
(1, 61, '2014027', 'UNDÉCIMO', 'NUEVA EPS', '', NULL, NULL, NULL),
(2, 7, '100123', 'UNDÉCIMO', 'COOMEVA', '', NULL, NULL, NULL),
(3, 6, '100101', 'UNDÉCIMO', 'MEDIMAS', '', NULL, NULL, NULL),
(4, 9, '100191', 'UNDÉCIMO', 'SANITAS', '', NULL, NULL, NULL),
(5, 3, '100055', 'UNDÉCIMO', 'SALUDTOTAL', '', NULL, NULL, NULL),
(6, 4, '100999', 'UNDÉCIMO', 'SANITAS', '', NULL, NULL, NULL),
(7, 2, '100988', 'UNDÉCIMO', 'MEDIMAS', '', NULL, NULL, NULL),
(8, 565, '2018016', 'OCTAVO', 'NUEVA EPS', '', NULL, NULL, NULL),
(9, 81, '2015001', 'SEXTO', 'SALUDTOTAL', '', NULL, NULL, NULL),
(10, 52, '2013091', 'OCTAVO', 'MEDIMAS', '', NULL, NULL, NULL),
(11, 295, '2020069', 'QUINTO', 'COLSANITAS', '', NULL, NULL, NULL),
(12, 300, '2020074', 'OCTAVO', 'SANITAS', '', NULL, NULL, NULL),
(14, 245, '2020016', 'TERCERO', 'SANITAS', '', NULL, NULL, NULL),
(15, 255, '2020001', 'OCTAVO', 'SANITAS', '', NULL, NULL, NULL),
(16, 291, '2020062', 'NOVENO', 'COOMEVA', '', NULL, NULL, NULL),
(17, 174, '2017022', 'NOVENO', 'SANITAS', '', NULL, NULL, NULL),
(18, 163, '2017013', 'NOVENO', 'MEDIMAS', '', NULL, NULL, NULL),
(19, 232, '2019028', 'SEGUNDO', 'NUEVA EPS', '', NULL, NULL, NULL),
(20, 292, '2020065', 'OCTAVO', '', '', NULL, NULL, NULL),
(21, 253, '2020019', 'CUARTO', 'SANITAS', '', NULL, NULL, NULL),
(22, 193, '2018009', 'TERCERO', 'SALUDTOTAL', '', NULL, NULL, NULL),
(23, 148, '2016088', 'UNDÉCIMO', 'SURA', '', NULL, NULL, NULL),
(24, 145, '2016080', 'OCTAVO', 'COOMEVA', '', NULL, NULL, NULL),
(25, 593, '2019025', 'TERCERO', 'CAJACOPI', '', NULL, NULL, NULL),
(26, 379, '2017024', 'CUARTO', 'COOMEVA', '', NULL, NULL, NULL),
(27, 181, '2017046', 'SEPTIMO', 'SANITAS', '', NULL, NULL, NULL),
(28, 509, '2019005', 'SEXTO', 'SALUD TOTAL', '', NULL, NULL, NULL),
(29, 83, '2015007', 'SEXTO', 'SANITAS', '', NULL, NULL, NULL),
(30, 97, '2015054', 'SEXTO', 'U. DE S. UNIVERSIDAD DEL ATLAN', '', NULL, NULL, NULL),
(31, 76, '2014065', 'SEPTIMO', 'SALUDTOTAL', '', NULL, NULL, NULL),
(32, 178, '2017056', 'SEXTO', 'SANITAS', '', NULL, NULL, NULL),
(33, 276, '2020047', 'PRIMERO', 'E.P.S SURA', '', NULL, NULL, NULL),
(34, 101, '2015042', 'NOVENO', 'SALUDTOTAL', '', NULL, NULL, NULL),
(35, 237, '2019037', 'CUARTO', '', '', NULL, NULL, NULL),
(36, 118, '2015084', 'DÉCIMO', 'SALUD TOTAL', '', NULL, NULL, NULL),
(37, 126, '2016025', 'QUINTO', 'SANITAS', '', NULL, NULL, NULL),
(38, 456, '2018038', 'OCTAVO', '', '', NULL, NULL, NULL),
(39, 164, '2017009', 'UNDÉCIMO', 'POLICIA NACIONAL', '', NULL, NULL, NULL),
(40, 171, '2017031', 'OCTAVO', 'CAFESALUD', '', NULL, NULL, NULL),
(41, 202, '2018024', 'OCTAVO', '', '', NULL, NULL, NULL),
(42, 131, '2016034', 'DÉCIMO', 'SALUDTOTAL', '', NULL, NULL, NULL),
(43, 115, '2015065', 'SEPTIMO', 'FAMISANAR', '', NULL, NULL, NULL),
(44, 149, '2016090', 'UNDÉCIMO', 'COOMEVA', '', NULL, NULL, NULL),
(45, 531, '2015043', 'UNDÉCIMO', 'SALUD TOTAL', '', NULL, NULL, NULL),
(46, 50, '2013076', 'UNDÉCIMO', 'NUEVA EPS', '', NULL, NULL, NULL),
(47, 114, '2015063', 'UNDÉCIMO', 'SISBEN', '', NULL, NULL, NULL),
(48, 13, '90066', 'UNDÉCIMO', 'SALUDTOTAL', '', NULL, NULL, NULL),
(49, 554, '2015025', 'UNDÉCIMO', 'MEDIMAS', '', NULL, NULL, NULL),
(50, 11, '100235', 'UNDÉCIMO', 'NUEVA EPS', '', NULL, NULL, NULL),
(51, 16, '110811', 'UNDÉCIMO', 'SANITAS', '', NULL, NULL, NULL),
(52, 153, '2016101', 'NOVENO', 'SALUDTOTAL', '', NULL, NULL, NULL),
(53, 49, '2013053', 'UNDÉCIMO', 'COOMEVA', '', NULL, NULL, NULL),
(54, 543, '100088', 'UNDÉCIMO', 'COOMEVA', '', NULL, NULL, NULL),
(55, 108, '2015024', 'UNDÉCIMO', 'SALUDTOTAL', '', NULL, NULL, NULL),
(56, 135, '2016032', 'UNDÉCIMO', 'SALUDTOTAL', '', NULL, NULL, NULL),
(57, 107, '2015023', 'DÉCIMO', 'COOSALUD', '', NULL, NULL, NULL),
(58, 74, '2014045', 'UNDÉCIMO', 'CLINICA GENERAL DEL NORTE', '', NULL, NULL, NULL),
(59, 627, '100281', 'UNDÉCIMO', 'NUEVA EPS', '', NULL, NULL, NULL),
(60, 143, '2016071', 'DÉCIMO', 'NUEVA EPS', '', NULL, NULL, NULL),
(61, 212, '2018045', 'DÉCIMO', 'GONAWINDUA ATTE ENNAKA IPS', '', NULL, NULL, NULL),
(62, 106, '2015021', 'UNDÉCIMO', 'MEDIMAS', '', NULL, NULL, NULL),
(63, 599, '110247', 'DÉCIMO', 'CLINICA  GRAL DEL NORTE', '', NULL, NULL, NULL),
(64, 109, '2015027', 'UNDÉCIMO', 'MEDIMAS', '', NULL, NULL, NULL),
(65, 24, '110089', 'DÉCIMO', 'NUEVA EPS', '', NULL, NULL, NULL),
(66, 18, '110067', 'DÉCIMO', 'UNION TEMPORAL DEL NORTE', '', NULL, NULL, NULL),
(67, 8, '100145', 'UNDÉCIMO', 'SALUDTOTAL', '', NULL, NULL, NULL),
(68, 133, '2016033', 'DÉCIMO', 'SANITAS', '', NULL, NULL, NULL),
(69, 130, '2016026', 'DÉCIMO', 'SANITAS', '', NULL, NULL, NULL),
(70, 147, '2016087', 'DÉCIMO', 'SALUDTOTAL', '', NULL, NULL, NULL),
(71, 15, '110304', 'DÉCIMO', 'COOMEVA', '', NULL, NULL, NULL),
(72, 510, '110181', 'DÉCIMO', 'CLINICA GENERAL DEL NORTE', '', NULL, NULL, NULL),
(73, 26, '110787', 'UNDÉCIMO', 'SANITAS', '', NULL, NULL, NULL),
(74, 36, '2019035', 'NOVENO', '', '', NULL, NULL, NULL),
(75, 25, '110337', 'DÉCIMO', 'SANITAS', '', NULL, NULL, NULL),
(76, 117, '2015076', 'UNDÉCIMO', 'COOMEVA', '', NULL, NULL, NULL),
(77, 35, '2012029', 'DÉCIMO', 'SANITAS', '', NULL, NULL, NULL),
(78, 575, '2016023', 'DÉCIMO', 'POLICIA NACIONAL', '', NULL, NULL, NULL),
(79, 278, '2020050', 'NOVENO', '', '', NULL, NULL, NULL),
(80, 146, '2016083', 'DÉCIMO', 'CLINICA GENERAL DEL NORTE', '', NULL, NULL, NULL),
(81, 134, '2016037', 'DÉCIMO', 'MEDIMAS', '', NULL, NULL, NULL),
(82, 72, '2014042', 'DÉCIMO', 'SANITAS', '', NULL, NULL, NULL),
(83, 28, '110271', 'DÉCIMO', 'CLINICA GENERAL DEL NORTE', '', NULL, NULL, NULL),
(84, 27, '110348', 'DÉCIMO', 'NUEVA EPS', '', NULL, NULL, NULL),
(85, 279, '2020051', 'NOVENO', 'FONDO PASIVO SOCIAL', '', NULL, NULL, NULL),
(86, 205, '2018029', 'NOVENO', '', '', NULL, NULL, NULL),
(87, 406, '110203', 'DÉCIMO', 'SALUDTOTAL', '', NULL, NULL, NULL),
(88, 31, '2012002', 'OCTAVO', '', '', NULL, NULL, NULL),
(89, 17, '110798', 'DÉCIMO', 'SALUDTOTAL', '', NULL, NULL, NULL),
(90, 298, '2020072', 'NOVENO', 'SANITAS', '', NULL, NULL, NULL),
(91, 100, '2015041', 'NOVENO', 'SALUDTOTAL', '', NULL, NULL, NULL),
(92, 142, '2016068', 'DÉCIMO', 'SANITAS', '', NULL, NULL, NULL),
(93, 173, '2017019', 'OCTAVO', 'MEDIMAS', '', NULL, NULL, NULL),
(94, 162, '2017007', 'NOVENO', 'COOSALUD', '', NULL, NULL, NULL),
(95, 32, '2012004', 'NOVENO', 'COOMEVA', '', NULL, NULL, NULL),
(96, 102, '2015055', 'NOVENO', 'NUEVA EPS', '', NULL, NULL, NULL),
(97, 481, '2016020', 'NOVENO', 'SANITAS', '', NULL, NULL, NULL),
(98, 188, '2017069', 'NOVENO', 'FAMISANAR', '', NULL, NULL, NULL),
(99, 29, '110192', 'DÉCIMO', 'UNION TEMPORAL DEL NORTE - FER', '', NULL, NULL, NULL),
(100, 48, '2013031', 'NOVENO', 'COOMEVA', '', NULL, NULL, NULL),
(101, 30, '2012005', 'NOVENO', 'SANITAS', '', NULL, NULL, NULL),
(102, 183, '2017057', 'NOVENO', 'SANITAS', '', NULL, NULL, NULL),
(103, 182, '2017048', 'NOVENO', 'SALUDTOTAL', '', NULL, NULL, NULL),
(104, 71, '2014041', 'NOVENO', 'MEDIMAS', '', NULL, NULL, NULL),
(105, 19, '110034', 'DÉCIMO', 'SALUDTOTAL', '', NULL, NULL, NULL),
(106, 103, '2015005', 'DÉCIMO', 'CLINICA GENERAL DEL NORTE', '', NULL, NULL, NULL),
(107, 45, '2013022', 'OCTAVO', 'CLINICA GRAL DEL NOIRTE', '', NULL, NULL, NULL),
(108, 172, '2017033', 'NOVENO', 'COOMEVA', '', NULL, NULL, NULL),
(109, 199, '2018014', 'NOVENO', 'CLINICA GENERAL DEL NORTE', '', NULL, NULL, NULL),
(110, 211, '2018044', 'OCTAVO', 'SANITAS', '', NULL, NULL, NULL),
(111, 43, '2013016', 'OCTAVO', 'COOMEVA', '', NULL, NULL, NULL),
(112, 42, '2013015', 'OCTAVO', 'FONDO DE PASIVO SOCIAL', '', NULL, NULL, NULL),
(113, 455, '2016116', 'NOVENO', 'SANITAS', '', NULL, NULL, NULL),
(114, 555, '2013070', 'OCTAVO', 'SANITAS', '', NULL, NULL, NULL),
(115, 156, '2016108', 'OCTAVO', 'SALUDTOTAL', '', NULL, NULL, NULL),
(116, 44, '2013013', 'OCTAVO', 'MEDIMAS', '', NULL, NULL, NULL),
(117, 152, '2016097', 'OCTAVO', 'SALUD TOTAL', '', NULL, NULL, NULL),
(118, 263, '2020042', 'OCTAVO', 'NUEVA E.P.S', '', NULL, NULL, NULL),
(119, 51, '2013082', 'NOVENO', 'Sanitas E.P.S.', '', NULL, NULL, NULL),
(120, 33, '2012001', 'NOVENO', 'MEDIMAS', '', NULL, NULL, NULL),
(121, 68, '2014038', 'OCTAVO', 'CLINICA GENERAL DEL NORTE', '', NULL, NULL, NULL),
(122, 55, '2013100', 'OCTAVO', 'COOMEVA', '', NULL, NULL, NULL),
(123, 208, '2018039', 'OCTAVO', 'COOMEVA', '', NULL, NULL, NULL),
(124, 70, '2014037', 'OCTAVO', 'CLINICA GENERAL DEL NORTE', '', NULL, NULL, NULL),
(125, 194, '2018001', 'OCTAVO', 'SALUDTOTAL', '', NULL, NULL, NULL),
(126, 196, '2018004', 'OCTAVO', 'COOMEVA', '', NULL, NULL, NULL),
(127, 195, '2018002', 'OCTAVO', 'SANITAS', '', NULL, NULL, NULL),
(128, 116, '2015070', 'UNDÉCIMO', 'COOMEVA', '', NULL, NULL, NULL),
(129, 154, '2020070', 'OCTAVO', 'SANITAS', '', NULL, NULL, NULL),
(130, 57, '2014014', 'SEPTIMO', 'MEDIMAS', '', NULL, NULL, NULL),
(131, 209, '2018042', 'NOVENO', 'COOMEVA', '', NULL, NULL, NULL),
(132, 210, '2018043', 'OCTAVO', '', '', NULL, NULL, NULL),
(133, 54, '2013095', 'OCTAVO', 'COOMEVA', '', NULL, NULL, NULL),
(134, 223, '2019009', 'SEPTIMO', 'NUEVA EPS', '', NULL, NULL, NULL),
(135, 197, '2018008', 'OCTAVO', 'COOMEVA', '', NULL, NULL, NULL),
(136, 251, '2020029', 'SEPTIMO', 'SANITAS', '', NULL, NULL, NULL),
(137, 41, '2013023', 'OCTAVO', 'MEDIMAS', '', NULL, NULL, NULL),
(138, 234, '2019034', 'SEPTIMO', 'medimas', '', NULL, NULL, NULL),
(139, 64, '2014015', 'SEPTIMO', 'SANITAS', '', NULL, NULL, NULL),
(140, 185, '2017063', 'SEPTIMO', 'COOMEVA', '', NULL, NULL, NULL),
(141, 222, '2019006', 'SEPTIMO', 'SANITAS', '', NULL, NULL, NULL),
(142, 179, '2017045', 'SEPTIMO', 'SANITAS', '', NULL, NULL, NULL),
(143, 66, '2014033', 'SEPTIMO', 'saludtotal', '', NULL, NULL, NULL),
(144, 63, '2014009', 'SEPTIMO', 'SANITAS', '', NULL, NULL, NULL),
(145, 60, '2014007', 'SEPTIMO', 'MEDIMAS', '', NULL, NULL, NULL),
(146, 56, '2014004', 'SEPTIMO', 'COOMEVA', '', NULL, NULL, NULL),
(147, 98, '2015047', 'SEPTIMO', 'MEDIMAS', '', NULL, NULL, NULL),
(148, 129, '2016030', 'SEPTIMO', 'SANITAS', '', NULL, NULL, NULL),
(149, 226, '2019018', 'SEPTIMO', 'NUEVA EPS', '', NULL, NULL, NULL),
(150, 170, '2017030', 'SEPTIMO', 'SANITAS', '', NULL, NULL, NULL),
(151, 69, '2014036', 'OCTAVO', 'NUEVA EPS', '', NULL, NULL, NULL),
(152, 180, '2017061', 'SEPTIMO', 'SANITAS', '', NULL, NULL, NULL),
(153, 62, '2014001', 'SEPTIMO', 'CLINICA GENERAL DEL NORTE', '', NULL, NULL, NULL),
(154, 140, '2016040', 'SEPTIMO', 'SALUDTOTAL', '', NULL, NULL, NULL),
(155, 77, '2014063', 'SEPTIMO', 'COOMEVA', '', NULL, NULL, NULL),
(156, 250, '2020017', 'SEXTO', 'MULTUALSER', '', NULL, NULL, NULL),
(157, 262, '2020041', 'SEXTO', 'CLINICA GENERAL DEL NORTE', '', NULL, NULL, NULL),
(158, 220, '2019001', 'SEPTIMO', 'SALUDTOTAL', '', NULL, NULL, NULL),
(159, 65, '2014016', 'SEPTIMO', 'CLINICA DEL NORTE', '', NULL, NULL, NULL),
(160, 246, '2020026', 'SEXTO', 'MEDIMAS', '', NULL, NULL, NULL),
(161, 59, '2014018', 'SEPTIMO', 'SANITAS', '', NULL, NULL, NULL),
(162, 187, '2017066', 'SEPTIMO', 'COOMEVA', '', NULL, NULL, NULL),
(163, 58, '2014013', 'SEPTIMO', 'COOSALUD', '', NULL, NULL, NULL),
(164, 231, '2019027', 'SEXTO', 'SANITAS', '', NULL, NULL, NULL),
(165, 249, '2020018', 'SEXTO', 'COOMEVA', '', NULL, NULL, NULL),
(166, 94, '2015029', 'SEXTO', 'SALUDTOTAL', '', NULL, NULL, NULL),
(167, 90, '2015009', 'SEXTO', 'COOMEVA', '', NULL, NULL, NULL),
(168, 547, '2015017', 'SEXTO', 'SALUDTOTAL', '', NULL, NULL, NULL),
(169, 248, '2020027', 'SEXTO', 'SALUD TOTAL', '', NULL, NULL, NULL),
(170, 556, '2019032', 'QUINTO', 'Coomeva', '', NULL, NULL, NULL),
(171, 484, '2014039', 'OCTAVO', 'FER', '', NULL, NULL, NULL),
(172, 233, '2019030', 'SEXTO', 'SALUD TOTAL', '', NULL, NULL, NULL),
(173, 221, '2019004', 'SEPTIMO', 'MEDIMAS', '', NULL, NULL, NULL),
(174, 112, '2015059', 'SEXTO', 'SANITAS', '', NULL, NULL, NULL),
(175, 96, '2015039', 'SEXTO', 'MEDIMAS', '', NULL, NULL, NULL),
(176, 297, '2020071', 'SEXTO', 'SANITAS', '', NULL, NULL, NULL),
(177, 85, '2015032', 'SEXTO', 'SALUDTOTAL', '', NULL, NULL, NULL),
(178, 293, '2020066', 'SEXTO', 'SANITAS', '', NULL, NULL, NULL),
(179, 95, '2015033', 'SEXTO', 'SALUDTOTAL', '', NULL, NULL, NULL),
(180, 190, '2017072', 'QUINTO', '', '', NULL, NULL, NULL),
(181, 127, '2016012', 'SEXTO', 'COOMEVA', '', NULL, NULL, NULL),
(182, 89, '2015008', 'SEXTO', 'MEDIMAS', '', NULL, NULL, NULL),
(183, 271, '2020044', 'SEXTO', 'SALUD VIDA', '', NULL, NULL, NULL),
(184, 236, '2019039', 'SEXTO', 'coomeva', '', NULL, NULL, NULL),
(185, 260, '2020039', 'SEXTO', 'SANITAS', '', NULL, NULL, NULL),
(186, 289, '2020057', 'SEXTO', 'NUEVA EPS', '', NULL, NULL, NULL),
(187, 290, '2020064', 'SEXTO', 'COOSALUD', '', NULL, NULL, NULL),
(188, 261, '2020040', 'SEXTO', 'SANITAS', '', NULL, NULL, NULL),
(189, 356, '2015015', 'SEXTO', 'FAMISANAR', '', NULL, NULL, NULL),
(190, 86, '2015038', 'SEXTO', 'SALUDTOTAL', '', NULL, NULL, NULL),
(191, 110, '2015057', 'SEXTO', 'MEDIMAS', '', NULL, NULL, NULL),
(192, 93, '2015018', 'SEXTO', 'COOMEVA', '', NULL, NULL, NULL),
(193, 138, '2016061', 'QUINTO', 'SALUDTOTAL', '', NULL, NULL, NULL),
(194, 123, '2016001', 'QUINTO', 'COOMEVA', '', NULL, NULL, NULL),
(195, 176, '2017016', 'CUARTO', 'SANITAS', '', NULL, NULL, NULL),
(196, 296, '2020067', 'SEXTO', 'POLICIA NACIONAL', '', NULL, NULL, NULL),
(197, 288, '2020060', 'QUINTO', 'COOMEVA', '', NULL, NULL, NULL),
(198, 121, '2016016', 'QUINTO', 'SANITAS', '', NULL, NULL, NULL),
(199, 111, '2015058', 'SEXTO', 'NUEVA EPS', '', NULL, NULL, NULL),
(200, 82, '2015003', 'SEXTO', 'SANITAS', '', NULL, NULL, NULL),
(201, 122, '2016018', 'QUINTO', 'SANITAS', '', NULL, NULL, NULL),
(202, 128, '2016024', 'SEXTO', 'Sanitas', '', NULL, NULL, NULL),
(203, 139, '2016062', 'QUINTO', 'SANITAS', '', NULL, NULL, NULL),
(204, 383, '2016017', 'QUINTO', 'SANITAS', '', NULL, NULL, NULL),
(205, 141, '2016067', 'QUINTO', 'SALUDTOTAL', '', NULL, NULL, NULL),
(206, 186, '2017065', 'QUINTO', 'SANITAS', '', NULL, NULL, NULL),
(207, 219, '2019010', 'QUINTO', 'NUEVA EPS', '', NULL, NULL, NULL),
(208, 254, '2020023', 'QUINTO', 'CLINICA GENERAL DEL NORTE', '', NULL, NULL, NULL),
(209, 287, '2020052', 'QUINTO', 'COOMEVA', '', NULL, NULL, NULL),
(210, 272, '2020045', 'CUARTO', 'CLINICA GENERAL DEL NORTE', '', NULL, NULL, NULL),
(211, 166, '2017023', 'CUARTO', 'MEDIMAS', '', NULL, NULL, NULL),
(212, 201, '2018023', 'TERCERO', 'SANITAS', '', NULL, NULL, NULL),
(213, 165, '2017020', 'CUARTO', 'SANITAS', '', NULL, NULL, NULL),
(214, 168, '2017026', 'CUARTO', 'SALUDTOTAL', '', NULL, NULL, NULL),
(215, 157, '2017003', 'CUARTO', 'SANITAS', '', NULL, NULL, NULL),
(216, 259, '2020038', 'CUARTO', 'SANITAS', '', NULL, NULL, NULL),
(217, 158, '2017010', 'CUARTO', 'NUEVA EPS', '', NULL, NULL, NULL),
(218, 286, '2020059', 'CUARTO', 'SALUD TOTAL', '', NULL, NULL, NULL),
(219, 244, '2020020', 'TERCERO', 'CLÍNICA GENERAL DEL NORTE', '', NULL, NULL, NULL),
(220, 191, '2018013', 'TERCERO', 'SALUDTOTAL', '', NULL, NULL, NULL),
(221, 167, '2017025', 'CUARTO', 'CLINICA GENERAL DEL NORTE', '', NULL, NULL, NULL),
(222, 207, '2018035', 'CUARTO', 'Coosalud', '', NULL, NULL, NULL),
(223, 198, '2018015', 'TERCERO', 'SANITAS', '', NULL, NULL, NULL),
(224, 277, '2020049', 'TERCERO', 'NUEVA EPS', '', NULL, NULL, NULL),
(225, 273, '2020036', 'TERCERO', '', '', NULL, NULL, NULL),
(226, 224, '2019015', 'SEGUNDO', 'COOSALUD', '', NULL, NULL, NULL),
(227, 225, '2019016', 'SEGUNDO', 'COOMEVA', '', NULL, NULL, NULL),
(228, 215, '2019008', 'SEGUNDO', 'SANITAS', '', NULL, NULL, NULL),
(229, 257, '2020034', 'SEGUNDO', 'CAJACOPI', '', NULL, NULL, NULL),
(230, 217, '2019012', 'SEGUNDO', 'CLINICA GENERAL DEL NORTE', '', NULL, NULL, NULL),
(231, 214, '2019003', 'SEGUNDO', 'MEDIMAS', '', NULL, NULL, NULL),
(232, 241, '2020013', 'PRIMERO', 'SANITAS', '', NULL, NULL, NULL),
(233, 242, '2020015', 'PRIMERO', 'SENA', '', NULL, NULL, NULL),
(234, 284, '2020058', 'PRIMERO', 'SANITAS', '', NULL, NULL, NULL),
(235, 238, '2020007', 'PRIMERO', 'POLICÍA NACIONAL', '', NULL, NULL, NULL),
(236, 281, '2020054', 'PRIMERO', 'SALUD TOTAL', '', NULL, NULL, NULL),
(237, 256, '2020033', 'PRIMERO', 'SALUD TOTAL', '', NULL, NULL, NULL),
(238, 299, '2020073', 'PRIMERO', 'SANITAS', '', NULL, NULL, NULL),
(239, 264, '2020009', 'PRIMERO', 'SANITAS', '', NULL, NULL, NULL),
(240, 274, '2020046', 'TRANSICIÓN', '', '', NULL, NULL, NULL),
(241, 266, '2020003', 'TRANSICIÓN', '', '', NULL, NULL, NULL),
(242, 267, '2020004', 'TRANSICIÓN', 'SANITAS', '', NULL, NULL, NULL),
(243, 203, '2018025', 'SEPTIMO', 'COOMEVA', '', NULL, NULL, NULL),
(244, 384, '2019002', 'SEPTIMO', 'SANITAS', '', NULL, NULL, NULL),
(245, 294, '2020068', 'SEXTO', '', '', NULL, NULL, NULL),
(246, 137, '2016044', 'QUINTO', 'MEDIMAS', '', NULL, NULL, NULL),
(247, 155, '2019026', 'DÉCIMO', 'SANITAS', '', NULL, NULL, NULL),
(248, 206, '2018030', 'DÉCIMO', 'COOMEVA', '', NULL, NULL, NULL),
(249, 22, '110113', 'DÉCIMO', 'COOMEVA', '', NULL, NULL, NULL),
(250, 20, '110157', 'DÉCIMO', 'COLMEDICA', '', NULL, NULL, NULL),
(251, 75, '2014062', 'SEPTIMO', 'SANITAS', '', NULL, NULL, NULL),
(252, 87, '2015049', 'SEXTO', 'COOMEVA', '', NULL, NULL, NULL),
(253, 144, '2016076', 'QUINTO', 'SANITAS', '', NULL, NULL, NULL),
(254, 169, '2017029', 'QUINTO', 'COOSALUD', '', NULL, NULL, NULL),
(255, 227, '2019022', 'QUINTO', 'SANITAS', '', NULL, NULL, NULL),
(256, 160, '2017017', 'CUARTO', 'SANITAS', '', NULL, NULL, NULL),
(257, 545, '2020022', 'CUARTO', 'CLINICA GENERAL DEL NORTE', '', NULL, NULL, NULL),
(258, 243, '2020021', 'TERCERO', 'NUEVA EPS', '', NULL, NULL, NULL),
(259, 12, '100292', 'UNDÉCIMO', 'SALUD TOTAL', '', NULL, NULL, NULL),
(260, 235, '2019036', 'NOVENO', 'NUEVA EPS', '', NULL, NULL, NULL),
(261, 80, '2017067', 'UNDÉCIMO', 'NUEVA EPS', '', NULL, NULL, NULL),
(262, 10, '100224', 'UNDÉCIMO', 'SANITAS', '', NULL, NULL, NULL),
(263, 23, '110023', 'DÉCIMO', 'COOMEVA', '', NULL, NULL, NULL),
(264, 104, '2015053', 'DÉCIMO', 'SALUDTOTAL', '', NULL, NULL, NULL),
(265, 132, '2016021', 'DÉCIMO', 'SANITAS', '', NULL, NULL, NULL),
(266, 73, '2014047', 'UNDÉCIMO', 'SALUDTOTAL', '', NULL, NULL, NULL),
(267, 14, '110258', 'DÉCIMO', 'SANITAS', '', NULL, NULL, NULL),
(268, 99, '2015020', 'OCTAVO', 'SANITAS', '', NULL, NULL, NULL),
(269, 37, '2013025', 'OCTAVO', 'MEDIMAS', '', NULL, NULL, NULL),
(270, 204, '2018027', 'OCTAVO', 'SALUDVIDA', '', NULL, NULL, NULL),
(271, 46, '2013043', 'OCTAVO', 'SANITAS', '', NULL, NULL, NULL),
(272, 40, '2013003', 'OCTAVO', 'SANITAS', '', NULL, NULL, NULL),
(273, 161, '2017005', 'OCTAVO', 'SANITAS', '', NULL, NULL, NULL),
(274, 621, '2014008', 'SEPTIMO', 'NUEVA EPS', '', NULL, NULL, NULL),
(275, 92, '2015014', 'SEXTO', 'COLMEDICA', '', NULL, NULL, NULL),
(276, 265, '2020043', 'SEXTO', 'COOSALUD', '', NULL, NULL, NULL),
(277, 177, '2017055', 'QUINTO', 'SALUDTOTAL', '', NULL, NULL, NULL),
(278, 88, '2015004', 'SEXTO', 'COOMEVA', '', NULL, NULL, NULL),
(279, 136, '2016019', 'SEXTO', 'SANITAS', '', NULL, NULL, NULL),
(280, 124, '2016002', 'QUINTO', 'SANITAS', '', NULL, NULL, NULL),
(281, 218, '2019007', 'QUINTO', 'SALUDTOTAL', '', NULL, NULL, NULL),
(282, 125, '2016008', 'QUINTO', 'COOMEVA', '', NULL, NULL, NULL),
(283, 151, '2016095', 'QUINTO', 'NUEVA EPS - COLMEDICA PREPAGAD', '', NULL, NULL, NULL),
(284, 150, '2016094', 'QUINTO', 'MEDIMAS', '', NULL, NULL, NULL),
(285, 192, '2018007', 'TERCERO', 'SANITAS', '', NULL, NULL, NULL),
(286, 283, '2020056', 'PRIMERO', 'SALUD TOTAL', '', NULL, NULL, NULL),
(287, 216, '2019011', 'SEGUNDO', 'MUTUAL SER', '', NULL, NULL, NULL),
(288, 240, '2020012', 'PRIMERO', 'MEDIMAS', '', NULL, NULL, NULL),
(289, 518, '2020008', 'PRIMERO', 'SALUD TOTAL', '', NULL, NULL, NULL),
(290, 285, '2020063', 'PRIMERO', 'COOSALUD', '', NULL, NULL, NULL),
(291, 280, '2020053', 'TRANSICIÓN', 'SANITAS', '', NULL, NULL, NULL),
(292, 239, '2020011', 'PRIMERO', 'SANITAS', '', NULL, NULL, NULL),
(293, 270, '2020005', 'TRANSICIÓN', 'SANITAS', '', NULL, NULL, NULL),
(294, 269, '2020031', 'TRANSICIÓN', 'UNION TEMPORAL DEL NORTE', '', NULL, NULL, NULL),
(295, 247, '2020025', 'SEXTO', 'CLÍNICA GENERAL DEL NORTE', '', NULL, NULL, NULL),
(296, 175, '2017036', 'UNDÉCIMO', 'MEDIMAS', '', NULL, NULL, NULL),
(297, 113, '2015060', 'UNDÉCIMO', 'NUEVA EPS', '', NULL, NULL, NULL),
(298, 189, '2017071', 'NOVENO', 'SANITAS', '', NULL, NULL, NULL),
(299, 84, '2015031', 'SEXTO', 'CLINICA GENERAL DEL NORTE', '', NULL, NULL, NULL),
(300, 438, '2018021', 'TERCERO', 'COOSALUD', '', NULL, NULL, NULL),
(301, 282, '2020055', 'PRIMERO', 'SALUDTOTAL', '', NULL, NULL, NULL),
(302, 38, '2013020', 'OCTAVO', 'SANITAS', '', NULL, NULL, NULL),
(303, 67, '2018034', 'SEPTIMO', 'NUEVA EPS', '', NULL, NULL, NULL),
(304, 47, '2020061', 'NOVENO', 'SALUDTOTAL', '', NULL, NULL, NULL),
(305, 34, '2012082', 'NOVENO', '', '', NULL, NULL, NULL),
(306, 252, '2020030', 'SEPTIMO', 'SALUD TOTAL', '', NULL, NULL, NULL),
(307, 53, '2013092', 'OCTAVO', 'FIDUPREVISORA', '', NULL, NULL, NULL),
(308, 159, '2017011', 'CUARTO', 'SANITAS', '', NULL, NULL, NULL),
(309, 258, '2020035', 'SEGUNDO', 'Sanitas', '', NULL, NULL, NULL),
(310, 79, '2014076', 'DÉCIMO', 'POLICIA NACIONAL', '', NULL, NULL, NULL),
(311, 184, '2017050', 'NOVENO', 'SALUDTOTAL', '', NULL, NULL, NULL),
(312, 268, '2020010', 'TRANSICIÓN', '', '', NULL, NULL, NULL),
(313, 213, '2018046', 'TERCERO', 'SANITAS', '', NULL, NULL, NULL),
(314, 5, '100099', 'UNDÉCIMO', 'SANITAS', '', NULL, NULL, NULL),
(315, 21, '110135', 'DÉCIMO', 'NUEVA EPS', '', NULL, NULL, NULL),
(316, 39, '2013017', 'OCTAVO', 'SALUDCOOP', '', NULL, NULL, NULL),
(317, 229, '2019020', 'SEXTO', 'COLPATRIA', '', NULL, NULL, NULL),
(318, 120, '2016009', 'QUINTO', 'SURA', '', NULL, NULL, NULL),
(319, 119, '2015085', 'UNDÉCIMO', 'COLSANITAS', '', NULL, NULL, NULL),
(320, 105, '2015012', 'DÉCIMO', 'COOMEVA', '', NULL, NULL, NULL),
(321, 91, '2015010', 'SEXTO', 'SALUDTOTAL', '', NULL, NULL, NULL),
(322, 200, '2018020', 'TERCERO', 'SANITAS', '', NULL, NULL, NULL),
(323, 228, '2019021', 'SEGUNDO', 'SANITAS', '', NULL, NULL, NULL),
(324, 275, '2020048', 'TRANSICIÓN', 'SANITAS', '', NULL, NULL, NULL),
(325, 301, '2020006', 'TRANSICIÓN', 'SALUDTOTAL', '', NULL, NULL, NULL),
(326, 78, '2014073', 'NOVENO', 'SANITAS', '', NULL, NULL, NULL),
(327, 230, '2019024', 'SEGUNDO', 'COOMEVA', '', NULL, NULL, NULL);

-- --------------------------------------------------------

--
-- Estructura de tabla para la tabla `estudiante_acuentes`
--

CREATE TABLE `estudiante_acuentes` (
  `id` int(10) UNSIGNED NOT NULL,
  `estudiantes_id` int(10) UNSIGNED NOT NULL,
  `acudientes_id` int(10) UNSIGNED NOT NULL,
  `created_at` timestamp NULL DEFAULT NULL,
  `updated_at` timestamp NULL DEFAULT NULL,
  `deleted_at` timestamp NULL DEFAULT NULL
) ENGINE=InnoDB DEFAULT CHARSET=utf8mb4 COLLATE=utf8mb4_unicode_ci;

--
-- Volcado de datos para la tabla `estudiante_acuentes`
--

INSERT INTO `estudiante_acuentes` (`id`, `estudiantes_id`, `acudientes_id`, `created_at`, `updated_at`, `deleted_at`) VALUES
(1, 1, 21, NULL, NULL, NULL),
(2, 2, 260, NULL, NULL, NULL),
(3, 3, 256, NULL, NULL, NULL),
(4, 4, 208, NULL, NULL, NULL),
(5, 5, 186, NULL, NULL, NULL),
(6, 6, 237, NULL, NULL, NULL),
(7, 7, 115, NULL, NULL, NULL),
(8, 8, 46, NULL, NULL, NULL),
(9, 9, 12, NULL, NULL, NULL),
(10, 10, 217, NULL, NULL, NULL),
(11, 11, 55, NULL, NULL, NULL),
(12, 12, 235, NULL, NULL, NULL),
(14, 14, 110, NULL, NULL, NULL),
(15, 15, 158, NULL, NULL, NULL),
(16, 16, 143, NULL, NULL, NULL),
(17, 17, 145, NULL, NULL, NULL),
(18, 18, 107, NULL, NULL, NULL),
(19, 19, 46, NULL, NULL, NULL),
(20, 20, 142, NULL, NULL, NULL),
(21, 21, 47, NULL, NULL, NULL),
(22, 22, 28, NULL, NULL, NULL),
(23, 23, 141, NULL, NULL, NULL),
(24, 24, 134, NULL, NULL, NULL),
(25, 25, 242, NULL, NULL, NULL),
(26, 26, 188, NULL, NULL, NULL),
(27, 27, 48, NULL, NULL, NULL),
(28, 28, 232, NULL, NULL, NULL),
(29, 29, 35, NULL, NULL, NULL),
(30, 30, 187, NULL, NULL, NULL),
(31, 31, 45, NULL, NULL, NULL),
(32, 32, 132, NULL, NULL, NULL),
(33, 33, 7, NULL, NULL, NULL),
(35, 34, 305, NULL, NULL, NULL),
(36, 35, 263, NULL, NULL, NULL),
(37, 36, 28, NULL, NULL, NULL),
(38, 37, 44, NULL, NULL, NULL),
(41, 38, 176, NULL, NULL, NULL),
(42, 39, 248, NULL, NULL, NULL),
(43, 40, 313, NULL, NULL, NULL),
(44, 41, 162, NULL, NULL, NULL),
(45, 42, 249, NULL, NULL, NULL),
(46, 43, 133, NULL, NULL, NULL),
(48, 44, 76, NULL, NULL, NULL),
(49, 45, 255, NULL, NULL, NULL),
(50, 46, 22, NULL, NULL, NULL),
(51, 47, 233, NULL, NULL, NULL),
(52, 48, 254, NULL, NULL, NULL),
(53, 49, 56, NULL, NULL, NULL),
(54, 50, 164, NULL, NULL, NULL),
(55, 51, 219, NULL, NULL, NULL),
(56, 52, 259, NULL, NULL, NULL),
(57, 53, 92, NULL, NULL, NULL),
(58, 54, 243, NULL, NULL, NULL),
(59, 55, 212, NULL, NULL, NULL),
(60, 56, 93, NULL, NULL, NULL),
(61, 57, 131, NULL, NULL, NULL),
(62, 58, 124, NULL, NULL, NULL),
(63, 59, 106, NULL, NULL, NULL),
(64, 60, 38, NULL, NULL, NULL),
(65, 61, 150, NULL, NULL, NULL),
(67, 62, 8, NULL, NULL, NULL),
(68, 63, 58, NULL, NULL, NULL),
(69, 64, 5, NULL, NULL, NULL),
(70, 65, 146, NULL, NULL, NULL),
(71, 66, 39, NULL, NULL, NULL),
(72, 67, 15, NULL, NULL, NULL),
(73, 68, 23, NULL, NULL, NULL),
(74, 69, 180, NULL, NULL, NULL),
(75, 70, 91, NULL, NULL, NULL),
(76, 71, 179, NULL, NULL, NULL),
(77, 72, 70, NULL, NULL, NULL),
(78, 73, 230, NULL, NULL, NULL),
(79, 74, 184, NULL, NULL, NULL),
(80, 75, 182, NULL, NULL, NULL),
(81, 76, 306, NULL, NULL, NULL),
(82, 77, 25, NULL, NULL, NULL),
(83, 78, 69, NULL, NULL, NULL),
(84, 79, 33, NULL, NULL, NULL),
(85, 80, 209, NULL, NULL, NULL),
(87, 81, 198, NULL, NULL, NULL),
(88, 82, 88, NULL, NULL, NULL),
(89, 83, 125, NULL, NULL, NULL),
(90, 84, 247, NULL, NULL, NULL),
(91, 85, 114, NULL, NULL, NULL),
(92, 86, 97, NULL, NULL, NULL),
(93, 87, 258, NULL, NULL, NULL),
(94, 88, 73, NULL, NULL, NULL),
(96, 89, 201, NULL, NULL, NULL),
(97, 90, 3, NULL, NULL, NULL),
(98, 91, 112, NULL, NULL, NULL),
(99, 92, 151, NULL, NULL, NULL),
(100, 93, 138, NULL, NULL, NULL),
(103, 94, 251, NULL, NULL, NULL),
(104, 95, 216, NULL, NULL, NULL),
(106, 96, 204, NULL, NULL, NULL),
(107, 97, 206, NULL, NULL, NULL),
(108, 98, 55, NULL, NULL, NULL),
(109, 99, 165, NULL, NULL, NULL),
(110, 100, 92, NULL, NULL, NULL),
(111, 101, 116, NULL, NULL, NULL),
(112, 102, 169, NULL, NULL, NULL),
(113, 103, 221, NULL, NULL, NULL),
(114, 104, 79, NULL, NULL, NULL),
(115, 105, 31, NULL, NULL, NULL),
(117, 106, 170, NULL, NULL, NULL),
(118, 107, 245, NULL, NULL, NULL),
(119, 108, 161, NULL, NULL, NULL),
(120, 109, 65, NULL, NULL, NULL),
(121, 110, 103, NULL, NULL, NULL),
(122, 111, 83, NULL, NULL, NULL),
(124, 112, 194, NULL, NULL, NULL),
(125, 113, 26, NULL, NULL, NULL),
(126, 114, 166, NULL, NULL, NULL),
(127, 115, 67, NULL, NULL, NULL),
(128, 116, 127, NULL, NULL, NULL),
(129, 117, 203, NULL, NULL, NULL),
(130, 118, 75, NULL, NULL, NULL),
(131, 119, 94, NULL, NULL, NULL),
(132, 120, 192, NULL, NULL, NULL),
(133, 121, 53, NULL, NULL, NULL),
(134, 122, 29, NULL, NULL, NULL),
(135, 123, 231, NULL, NULL, NULL),
(136, 124, 124, NULL, NULL, NULL),
(137, 125, 264, NULL, NULL, NULL),
(138, 126, 193, NULL, NULL, NULL),
(139, 127, 171, NULL, NULL, NULL),
(140, 128, 57, NULL, NULL, NULL),
(141, 129, 43, NULL, NULL, NULL),
(143, 130, 205, NULL, NULL, NULL),
(144, 131, 135, NULL, NULL, NULL),
(145, 132, 227, NULL, NULL, NULL),
(146, 133, 535, NULL, NULL, NULL),
(147, 134, 252, NULL, NULL, NULL),
(148, 135, 14, NULL, NULL, NULL),
(149, 136, 19, NULL, NULL, NULL),
(150, 137, 85, NULL, NULL, NULL),
(151, 138, 113, NULL, NULL, NULL),
(152, 139, 78, NULL, NULL, NULL),
(153, 140, 18, NULL, NULL, NULL),
(154, 141, 448, NULL, NULL, NULL),
(156, 142, 455, NULL, NULL, NULL),
(157, 143, 50, NULL, NULL, NULL),
(158, 144, 68, NULL, NULL, NULL),
(159, 145, 66, NULL, NULL, NULL),
(160, 146, 202, NULL, NULL, NULL),
(161, 147, 250, NULL, NULL, NULL),
(163, 148, 196, NULL, NULL, NULL),
(164, 149, 61, NULL, NULL, NULL),
(165, 150, 144, NULL, NULL, NULL),
(166, 151, 200, NULL, NULL, NULL),
(167, 152, 163, NULL, NULL, NULL),
(168, 153, 215, NULL, NULL, NULL),
(169, 154, 31, NULL, NULL, NULL),
(170, 155, 10, NULL, NULL, NULL),
(172, 156, 131, NULL, NULL, NULL),
(173, 157, 241, NULL, NULL, NULL),
(174, 158, 257, NULL, NULL, NULL),
(175, 159, 226, NULL, NULL, NULL),
(176, 160, 214, NULL, NULL, NULL),
(177, 161, 238, NULL, NULL, NULL),
(178, 162, 173, NULL, NULL, NULL),
(179, 163, 98, NULL, NULL, NULL),
(180, 164, 103, NULL, NULL, NULL),
(183, 165, 122, NULL, NULL, NULL),
(185, 166, 82, NULL, NULL, NULL),
(186, 167, 265, NULL, NULL, NULL),
(187, 168, 244, NULL, NULL, NULL),
(188, 169, 96, NULL, NULL, NULL),
(190, 170, 231, NULL, NULL, NULL),
(191, 171, 165, NULL, NULL, NULL),
(192, 172, 16, NULL, NULL, NULL),
(193, 173, 5, NULL, NULL, NULL),
(194, 174, 90, NULL, NULL, NULL),
(195, 175, 197, NULL, NULL, NULL),
(196, 176, 52, NULL, NULL, NULL),
(197, 177, 126, NULL, NULL, NULL),
(198, 178, 228, NULL, NULL, NULL),
(199, 179, 15, NULL, NULL, NULL),
(200, 180, 74, NULL, NULL, NULL),
(201, 181, 27, NULL, NULL, NULL),
(202, 182, 155, NULL, NULL, NULL),
(203, 183, 490, NULL, NULL, NULL),
(204, 184, 266, NULL, NULL, NULL),
(205, 185, 175, NULL, NULL, NULL),
(206, 186, 211, NULL, NULL, NULL),
(207, 187, 495, NULL, NULL, NULL),
(208, 188, 352, NULL, NULL, NULL),
(209, 189, 64, NULL, NULL, NULL),
(210, 190, 105, NULL, NULL, NULL),
(211, 191, 54, NULL, NULL, NULL),
(212, 192, 89, NULL, NULL, NULL),
(213, 193, 130, NULL, NULL, NULL),
(214, 194, 95, NULL, NULL, NULL),
(215, 195, 34, NULL, NULL, NULL),
(216, 196, 174, NULL, NULL, NULL),
(217, 197, 168, NULL, NULL, NULL),
(218, 198, 62, NULL, NULL, NULL),
(219, 199, 421, NULL, NULL, NULL),
(220, 200, 87, NULL, NULL, NULL),
(221, 201, 223, NULL, NULL, NULL),
(222, 202, 222, NULL, NULL, NULL),
(223, 203, 100, NULL, NULL, NULL),
(225, 204, 9, NULL, NULL, NULL),
(226, 205, 111, NULL, NULL, NULL),
(227, 206, 123, NULL, NULL, NULL),
(228, 207, 252, NULL, NULL, NULL),
(230, 208, 367, NULL, NULL, NULL),
(231, 209, 71, NULL, NULL, NULL),
(233, 210, 80, NULL, NULL, NULL),
(234, 211, 120, NULL, NULL, NULL),
(235, 212, 279, NULL, NULL, NULL),
(236, 213, 139, NULL, NULL, NULL),
(238, 214, 300, NULL, NULL, NULL),
(239, 215, 332, NULL, NULL, NULL),
(240, 216, 152, NULL, NULL, NULL),
(241, 217, 60, NULL, NULL, NULL),
(242, 218, 522, NULL, NULL, NULL),
(243, 219, 117, NULL, NULL, NULL),
(244, 220, 389, NULL, NULL, NULL),
(245, 221, 70, NULL, NULL, NULL),
(246, 222, 128, NULL, NULL, NULL),
(247, 223, 84, NULL, NULL, NULL),
(248, 224, 408, NULL, NULL, NULL),
(249, 225, 14, NULL, NULL, NULL),
(250, 226, 624, NULL, NULL, NULL),
(251, 227, 92, NULL, NULL, NULL),
(252, 228, 262, NULL, NULL, NULL),
(253, 229, 371, NULL, NULL, NULL),
(254, 230, 6, NULL, NULL, NULL),
(255, 231, 253, NULL, NULL, NULL),
(257, 232, 229, NULL, NULL, NULL),
(258, 233, 119, NULL, NULL, NULL),
(259, 234, 540, NULL, NULL, NULL),
(260, 235, 181, NULL, NULL, NULL),
(261, 236, 167, NULL, NULL, NULL),
(262, 237, 13, NULL, NULL, NULL),
(263, 238, 428, NULL, NULL, NULL),
(264, 239, 225, NULL, NULL, NULL),
(265, 240, 32, NULL, NULL, NULL),
(266, 241, 224, NULL, NULL, NULL),
(268, 242, 229, NULL, NULL, NULL),
(271, 243, 99, NULL, NULL, NULL),
(272, 244, 536, NULL, NULL, NULL),
(273, 245, 136, NULL, NULL, NULL),
(275, 246, 102, NULL, NULL, NULL),
(276, 247, 43, NULL, NULL, NULL),
(277, 248, 2, NULL, NULL, NULL),
(278, 249, 498, NULL, NULL, NULL),
(279, 250, 11, NULL, NULL, NULL),
(280, 251, 219, NULL, NULL, NULL),
(281, 252, 37, NULL, NULL, NULL),
(282, 253, 49, NULL, NULL, NULL),
(283, 254, 118, NULL, NULL, NULL),
(284, 255, 42, NULL, NULL, NULL),
(285, 256, 246, NULL, NULL, NULL),
(286, 257, 86, NULL, NULL, NULL),
(287, 258, 361, NULL, NULL, NULL),
(288, 259, 178, NULL, NULL, NULL),
(289, 260, 4, NULL, NULL, NULL),
(290, 261, 157, NULL, NULL, NULL),
(291, 262, 189, NULL, NULL, NULL),
(292, 263, 199, NULL, NULL, NULL),
(293, 264, 72, NULL, NULL, NULL),
(294, 265, 63, NULL, NULL, NULL),
(295, 266, 153, NULL, NULL, NULL),
(296, 267, 154, NULL, NULL, NULL),
(297, 268, 234, NULL, NULL, NULL),
(298, 269, 185, NULL, NULL, NULL),
(299, 270, 172, NULL, NULL, NULL),
(300, 271, 195, NULL, NULL, NULL),
(301, 272, 101, NULL, NULL, NULL),
(302, 273, 51, NULL, NULL, NULL),
(303, 274, 77, NULL, NULL, NULL),
(304, 275, 160, NULL, NULL, NULL),
(305, 276, 17, NULL, NULL, NULL),
(306, 277, 137, NULL, NULL, NULL),
(307, 278, 190, NULL, NULL, NULL),
(308, 279, 206, NULL, NULL, NULL),
(309, 280, 218, NULL, NULL, NULL),
(310, 281, 261, NULL, NULL, NULL),
(311, 282, 199, NULL, NULL, NULL),
(312, 283, 59, NULL, NULL, NULL),
(313, 284, 183, NULL, NULL, NULL),
(314, 285, 218, NULL, NULL, NULL),
(315, 286, 450, NULL, NULL, NULL),
(316, 287, 121, NULL, NULL, NULL),
(317, 288, 197, NULL, NULL, NULL),
(318, 289, 213, NULL, NULL, NULL),
(319, 290, 533, NULL, NULL, NULL),
(320, 291, 30, NULL, NULL, NULL),
(321, 292, 437, NULL, NULL, NULL),
(322, 293, 503, NULL, NULL, NULL),
(323, 294, 129, NULL, NULL, NULL),
(324, 295, 210, NULL, NULL, NULL),
(325, 296, 81, NULL, NULL, NULL),
(326, 297, 40, NULL, NULL, NULL),
(327, 298, 103, NULL, NULL, NULL),
(328, 299, 207, NULL, NULL, NULL),
(329, 300, 382, NULL, NULL, NULL),
(330, 301, 447, NULL, NULL, NULL),
(331, 302, 109, NULL, NULL, NULL),
(333, 303, 598, NULL, NULL, NULL),
(334, 304, 41, NULL, NULL, NULL),
(335, 305, 108, NULL, NULL, NULL),
(336, 306, 140, NULL, NULL, NULL),
(337, 307, 36, NULL, NULL, NULL),
(338, 308, 368, NULL, NULL, NULL),
(340, 309, 605, NULL, NULL, NULL),
(341, 310, 156, NULL, NULL, NULL),
(342, 311, 239, NULL, NULL, NULL),
(343, 312, 149, NULL, NULL, NULL),
(344, 313, 148, NULL, NULL, NULL),
(345, 314, 191, NULL, NULL, NULL),
(346, 315, 139, NULL, NULL, NULL),
(347, 316, 102, NULL, NULL, NULL),
(348, 317, 236, NULL, NULL, NULL),
(349, 318, 20, NULL, NULL, NULL),
(350, 319, 24, NULL, NULL, NULL),
(351, 320, 159, NULL, NULL, NULL),
(352, 321, 104, NULL, NULL, NULL),
(353, 322, 237, NULL, NULL, NULL),
(354, 323, 220, NULL, NULL, NULL),
(355, 324, 177, NULL, NULL, NULL),
(356, 325, 12, NULL, NULL, NULL),
(357, 326, 147, NULL, NULL, NULL),
(359, 327, 240, NULL, NULL, NULL);

-- --------------------------------------------------------

--
-- Estructura de tabla para la tabla `migrations`
--

CREATE TABLE `migrations` (
  `id` int(10) UNSIGNED NOT NULL,
  `migration` varchar(255) COLLATE utf8mb4_unicode_ci NOT NULL,
  `batch` int(11) NOT NULL
) ENGINE=InnoDB DEFAULT CHARSET=utf8mb4 COLLATE=utf8mb4_unicode_ci;

--
-- Volcado de datos para la tabla `migrations`
--

INSERT INTO `migrations` (`id`, `migration`, `batch`) VALUES
(1, '2014_10_12_000000_create_users_table', 1),
(2, '2014_10_12_100000_create_password_resets_table', 1),
(3, '2020_08_18_144027_create_personas_table', 1),
(4, '2020_08_18_162031_create_estudiantes_table', 1),
(5, '2020_08_18_162850_create_acudientes_table', 1),
(6, '2020_08_18_201426_create_estudiante_acuentes_table', 1);

-- --------------------------------------------------------

--
-- Estructura de tabla para la tabla `password_resets`
--

CREATE TABLE `password_resets` (
  `email` varchar(255) COLLATE utf8mb4_unicode_ci NOT NULL,
  `token` varchar(255) COLLATE utf8mb4_unicode_ci NOT NULL,
  `created_at` timestamp NULL DEFAULT NULL
) ENGINE=InnoDB DEFAULT CHARSET=utf8mb4 COLLATE=utf8mb4_unicode_ci;

-- --------------------------------------------------------

--
-- Estructura de tabla para la tabla `personas`
--

CREATE TABLE `personas` (
  `id` int(10) UNSIGNED NOT NULL,
  `documento` varchar(255) COLLATE utf8mb4_unicode_ci NOT NULL,
  `primer_nombre` varchar(255) COLLATE utf8mb4_unicode_ci NOT NULL,
  `segundo_nombre` varchar(255) COLLATE utf8mb4_unicode_ci NOT NULL,
  `primer_apellido` varchar(255) COLLATE utf8mb4_unicode_ci NOT NULL,
  `segundo_apellido` varchar(255) COLLATE utf8mb4_unicode_ci NOT NULL,
  `created_at` timestamp NULL DEFAULT NULL,
  `updated_at` timestamp NULL DEFAULT NULL,
  `deleted_at` timestamp NULL DEFAULT NULL
) ENGINE=InnoDB DEFAULT CHARSET=utf8mb4 COLLATE=utf8mb4_unicode_ci;

--
-- Volcado de datos para la tabla `personas`
--

INSERT INTO `personas` (`id`, `documento`, `primer_nombre`, `segundo_nombre`, `primer_apellido`, `segundo_apellido`, `created_at`, `updated_at`, `deleted_at`) VALUES
(1, '1082838062', 'jeyson', 'javier', 'cañas', 'de la hoz', NULL, NULL, NULL),
(2, '1005451463', 'MARIA', 'YULIANA', 'AVENDAÑO', 'ARENAS', NULL, NULL, NULL),
(3, '1004368913', 'MARCELA', 'SOFIA', 'BELTRAN', 'GRAZZIANI', NULL, NULL, NULL),
(4, '1005281349', 'MARIA', 'ALEJANDRA', 'COLMENARES', 'MORINELLY', NULL, NULL, NULL),
(5, '1126644025', 'ANGELINE', '', 'DAINO', 'FONTALVO', NULL, NULL, NULL),
(6, '1004366677', 'MARIA', 'JOSE', 'DEL TORO', 'MEDRANO', NULL, NULL, NULL),
(7, '1004365200', 'DANIELA', 'MARCELA', 'GRANADOS', 'DUNCAN', NULL, NULL, NULL),
(8, '1082847708', 'YANARA', 'BEATRIZ', 'JIMENEZ', 'CABAS', NULL, NULL, NULL),
(9, '1004368896', 'MARIA', 'PAULA', 'MONNERY', 'CABRERA', NULL, NULL, NULL),
(10, '1084450298', 'ANDREA', 'CAROLINA', 'PADILLA', 'BRUGES', NULL, NULL, NULL),
(11, '1082834703', 'GABRIELA', 'ESTHER', 'PERTUZ', 'MOLINA', NULL, NULL, NULL),
(12, '1084450061', 'SOFIA', 'ALEJANDRA', 'VARELA', 'TORRES', NULL, NULL, NULL),
(13, '1082833547', 'YESLI', 'DANELA', 'CONTRERAS', 'CAMARGO', NULL, NULL, NULL),
(14, '1084450950', 'ISABELA', 'KATERINE', 'PERALTA', 'ARIZA', NULL, NULL, NULL),
(15, '1082848881', 'SOLANGI', '', 'CASTRO', 'PANTOJA', NULL, NULL, NULL),
(16, '1082835329', 'VALERIA', 'DE JESUS', 'CASTRO', 'URECHE', NULL, NULL, NULL),
(17, '1082861185', 'SARAY', '', 'CERCHIARO', 'LUNA', NULL, NULL, NULL),
(18, '1082846276', 'VALERIA', 'DEYLING', 'DANDARE', 'PEÑA', NULL, NULL, NULL),
(19, '1082872911', 'VALENTINA', 'MICHELL', 'JIMENEZ', 'DAZA', NULL, NULL, NULL),
(20, '1084054280', 'NICOLE', 'ALEXANDRA', 'BALLESTAS', 'FIGUEROA', NULL, NULL, NULL),
(21, '1139424247', 'MARIA', 'ALEJANDRA', 'BELLO', 'FUENTES', NULL, NULL, NULL),
(22, '1084054192', 'YAJAIRA', '', 'RESTREPO', 'GOMEZ', NULL, NULL, NULL),
(23, '1084450416', 'JULIANA', '', 'CHAVEZ', 'KING', NULL, NULL, NULL),
(24, '1082845721', 'MELODY', 'SARAY', 'GREY', 'MARRUGO', NULL, NULL, NULL),
(25, '1082851635', 'VALENTINA', '', 'TERRAZA', 'MARTINEZ', NULL, NULL, NULL),
(26, '1082850157', 'ANGIE', 'PAOLA', 'MORENO', 'LIZARAZO', NULL, NULL, NULL),
(27, '1082858810', 'NICOLE', 'VANESSA', 'GAMEZ', 'SIERRA', NULL, NULL, NULL),
(28, '1082858509', 'NATALIE', 'ANDREA', 'TOBON', 'TERNERA', NULL, NULL, NULL),
(29, '1082869727', 'VALERIA', 'VANESSA', 'CAMARGO', 'VILARETE', NULL, NULL, NULL),
(30, '1082871486', 'LAURA', 'SOFIA', 'PEREZ', 'HERNANDEZ', NULL, NULL, NULL),
(31, '1082859888', 'TATIANA', 'CAROLINA', 'FARELO', 'DIAZ', NULL, NULL, NULL),
(32, '1082866508', 'ANA', 'MARIA', 'DURAN', 'GUARDIOLA', NULL, NULL, NULL),
(33, '1082885678', 'VALERIA', 'DE JESUS', 'GUTIERREZ', 'NUÑEZ', NULL, NULL, NULL),
(34, '1107841446', 'MARIANA', '', 'RINCON', 'GARCIA', NULL, NULL, NULL),
(35, '1082854447', 'VALENTINA', '', 'PARRA', 'HERNANDEZ', NULL, NULL, NULL),
(36, '1082850496', 'STEFANIA', '', 'BOLAÑO', 'LLANOS', NULL, NULL, NULL),
(37, '1084451218', 'MARIA', 'ALEJANDRA', 'VELEZ', 'ACEVEDO', NULL, NULL, NULL),
(38, '1092732202', 'VALERYTH', 'JOHANNA', 'PEREA', 'REYES', NULL, NULL, NULL),
(39, '1139426289', 'ORIANA', 'SOFIA', 'HERRERA', 'PARDO', NULL, NULL, NULL),
(40, '1084451513', 'GABRIELA', '', 'MOZO', 'PEREA', NULL, NULL, NULL),
(41, '1082901237', 'MARIANA', '', 'SANCHEZ', 'PEREIRA', NULL, NULL, NULL),
(42, '1082880551', 'ANA', 'MARTHA', 'FERREIRA', 'TRUJILLO', NULL, NULL, NULL),
(43, '1082879310', 'VALERIA', '', 'HERNANDEZ', 'HERNANDEZ', NULL, NULL, NULL),
(44, '1082882537', 'MARIA', 'JOSE', 'ACEVEDO', 'QUINTERO', NULL, NULL, NULL),
(45, '1082877528', 'IVANNA', 'ISABELLA', 'RODRIGUEZ', 'CONRADO', NULL, NULL, NULL),
(46, '1084451421', 'TATIANA', 'MARCELA', 'CUAO', 'ROMERO', NULL, NULL, NULL),
(47, '1100951745', 'LAURA', 'MARGARITA', 'CARREÑO', 'DUARTE', NULL, NULL, NULL),
(48, '1082870400', 'ANGELICA', 'MARIA', 'RAMIREZ', 'BALLESTAS', NULL, NULL, NULL),
(49, '1082836322', 'LEIDY', 'JOHANA', 'RAMIREZ', 'BALLESTAS', NULL, NULL, NULL),
(50, '1082832537', 'MARIBETH', '', 'BOLIVAR', 'MARTINEZ', NULL, NULL, NULL),
(51, '1082883991', 'SOFIA', 'ISABEL', 'FAILLACE', 'GALVIS', NULL, NULL, NULL),
(52, '1018422359', 'ANGELICA', 'MARIA', 'ORTIZ', 'MORENO', NULL, NULL, NULL),
(53, '1120955626', 'EILYN', 'VANESSA', 'VARELA', 'SORACA', NULL, NULL, NULL),
(54, '1082894493', 'ANDREA', 'CAROLINA', 'OSPINA', 'FERNANDEZ DE CA', NULL, NULL, NULL),
(55, '1082886858', 'DAPHNE', 'ANDREA', 'BARON', 'SALGADO', NULL, NULL, NULL),
(56, '1082906478', 'ANA', 'LUCIA', 'CASTRO', 'ALVAREZ', NULL, NULL, NULL),
(57, '1082893255', 'ALEJANDRA', '', 'MONTOYA', 'GALVIS', NULL, NULL, NULL),
(58, '1082915288', 'SAMANTHA', 'SOFIA', 'MOLINARES', 'MOLINARES', NULL, NULL, NULL),
(59, '1082914712', 'KAREN', 'YULIETH', 'VALLEJO', 'JIMENEZ', NULL, NULL, NULL),
(60, '1082906106', 'MARIAN', 'ALICIA', 'DIAZ', 'HENRIQUEZ', NULL, NULL, NULL),
(61, '1004365072', 'LILIANA', 'MARCELA', 'ROMERO', 'RIVERA', NULL, NULL, NULL),
(62, '1082909160', 'NICOLLE', 'SHARAY', 'BADILLO', 'OCAMPO', NULL, NULL, NULL),
(63, '1082904850', 'ISABELA', '', 'ELIAS', 'VIANA', NULL, NULL, NULL),
(64, '1082902380', 'LUISA', 'FERNANDA', 'PARRA', 'MORAN', NULL, NULL, NULL),
(65, '1082913588', 'JARYS', 'DEL MAR', 'QUEVEDO', 'IGUARAN', NULL, NULL, NULL),
(66, '1082904567', 'TRIANA', 'ISABEL', 'PABON', 'DIAZ', NULL, NULL, NULL),
(67, '1098670439', 'LINDA', 'MARIA', 'RESTREPO', 'DONADO', NULL, NULL, NULL),
(68, '1082886403', 'ISABELLA', 'MARIA', 'BUSTAMANTE', 'BARROS', NULL, NULL, NULL),
(69, '1082908573', 'BIERIS', 'BEATRIZ', 'ASIS', 'MAESTRE', NULL, NULL, NULL),
(70, '1082888568', 'SOFIA', 'CAROLINA', 'BARROS', 'PEREZ', NULL, NULL, NULL),
(71, '1082872440', 'FABIANA', 'JOSE', 'RODRIGUEZ', 'TEJEDA', NULL, NULL, NULL),
(72, '1082858361', 'VALERIA', 'STEFANIA', 'FERREIRA', 'MENDOZA', NULL, NULL, NULL),
(73, '1084450562', 'LUISA', 'FERNANDA', 'CODERQUE', 'LOZANO', NULL, NULL, NULL),
(74, '1082840787', 'VALENTINA', '', 'BARROS', 'PEREZ', NULL, NULL, NULL),
(75, '1084054673', 'SOFIA', 'CAROLINA', 'CASTRO', 'URECHE', NULL, NULL, NULL),
(76, '1047044245', 'NICOLLE', 'MILENA', 'ORTEGA', 'MEJIA', NULL, NULL, NULL),
(77, '1082910835', 'VALERY', 'SOFIA', 'FREYLE', 'RODRIGUEZ', NULL, NULL, NULL),
(78, '3145618884', 'JUANA', 'VALENTINA', 'SINNING', 'PADILLA', NULL, NULL, NULL),
(79, '1123800937', 'LAURA', 'CAMILA', 'VARELA', 'RANGEL', NULL, NULL, NULL),
(80, '1084450286', 'LUISA', 'FERNANDA', 'BERMUDEZ', 'ARIAS', NULL, NULL, NULL),
(81, '1013126033', 'ASHLEY', 'KARINA', 'TEJEDA', 'MORENO', NULL, NULL, NULL),
(82, '1082937168', 'HANNAH', 'SOFIA', 'LOPEZ', 'QUINTERO', NULL, NULL, NULL),
(83, '1043450585', 'VALERIA', 'NICOLE', 'RODRIGUEZ', 'FONSECA', NULL, NULL, NULL),
(84, '1084606490', 'GABRIELA', 'SOFIA', 'ESCALANTE', 'RAMIREZ', NULL, NULL, NULL),
(85, '1082926192', 'TALIANA', 'SOFIA', 'TIJO', 'NIEVES', NULL, NULL, NULL),
(86, '1082931495', 'ISABELLA', '', 'BALLESTEROS', 'MONTES', NULL, NULL, NULL),
(87, '1084054729', 'LAURA', 'CAROLINA', 'YEPES', 'DELGADO', NULL, NULL, NULL),
(88, '1084452224', 'SOFIA', 'ISABELL', 'GOMEZ', 'MELO', NULL, NULL, NULL),
(89, '1082928679', 'VALENTINA', '', 'MONTUFAR', 'HERRERA', NULL, NULL, NULL),
(90, '1082922135', 'SOFIA', '', 'CUELLAR', 'RAMIREZ', NULL, NULL, NULL),
(91, '1205963000', 'LAURA', 'SOFIA', 'RAMIREZ', 'GONZALEZ', NULL, NULL, NULL),
(92, '1084452027', 'ISABEL', 'SOFIA', 'ACEVEDO', 'FORERO', NULL, NULL, NULL),
(93, '1082932413', 'DANIELA', 'ISABEL', 'PABON', 'MORALES', NULL, NULL, NULL),
(94, '1082920757', 'GABRIELA', 'MARCELA', 'RODRIGUEZ', 'ACEVEDO', NULL, NULL, NULL),
(95, '1082926628', 'YARITH', 'SOFIA', 'JIMENEZ', 'CABAS', NULL, NULL, NULL),
(96, '1082925637', 'DANIELA', 'MICHELLE', 'MARIN', 'YANET', NULL, NULL, NULL),
(97, '1044635661', 'VANESSA', '', 'RANGEL', 'BOSSA', NULL, NULL, NULL),
(98, '1082906761', 'SOPHIE', 'VALERIA', 'URBINA', 'NAVARRO', NULL, NULL, NULL),
(99, '1084451202', 'LAURA', 'TAHIANA', 'GONZALEZ', 'NAVARRO', NULL, NULL, NULL),
(100, '1082861806', 'ADRIANA', 'LUCIA', 'BARRAGAN', 'PEÑALOZA', NULL, NULL, NULL),
(101, '1062429550', 'MARIANA', '', 'BOTELLO', 'SALEME', NULL, NULL, NULL),
(102, '1082867266', 'VANESSA', 'PAOLA', 'SALAZAR', 'PALACIO', NULL, NULL, NULL),
(103, '1082875200', 'MARIA', 'JOSE', 'CUADRADO', 'CANDELARIO', NULL, NULL, NULL),
(104, '1084450447', 'MARIANA', '', 'PEROZO', 'GARCIA', NULL, NULL, NULL),
(105, '1193598899', 'CAMILA', 'ANDREA', 'MENDOZA', 'CONTRERAS', NULL, NULL, NULL),
(106, '1082844504', 'ISABELA', 'MARIA', 'PINILLA', 'LINERO', NULL, NULL, NULL),
(107, '1082837623', 'INES', 'VALENTINA', 'MORALES', 'MATTOS', NULL, NULL, NULL),
(108, '1082836987', 'ROSA', 'MARIA', 'ROCHA', 'SIERRA', NULL, NULL, NULL),
(109, '1082844826', 'MARIA', 'ANDREA', 'RODRIGUEZ', 'CURIEL', NULL, NULL, NULL),
(110, '1082931719', 'ANAHI', 'PAOLA', 'GRANADOS', 'CARROLL', NULL, NULL, NULL),
(111, '1082936773', 'VALERY', 'ALEJANDRA', 'VARGAS', 'CANTILLO', NULL, NULL, NULL),
(112, '1082925564', 'SOFIA', 'DANIELA', 'PEDROZO', 'ORTIZ', NULL, NULL, NULL),
(113, '1084606169', 'LICETH', 'DAYANA', 'CAMPO', 'SILVA', NULL, NULL, NULL),
(114, '1082833235', 'SHERILIN', 'DARIANA', 'IBAÑEZ', 'PAREDES', NULL, NULL, NULL),
(115, '1081912014', 'MARIA', 'MONICA', 'FUENTES', 'FARELO', NULL, NULL, NULL),
(116, '1082890212', 'ANA', 'KAMELA', 'ROMERO', 'POSADA', NULL, NULL, NULL),
(117, '1082853580', 'MARIA', 'CAMILA', 'LOPEZ', 'SOTO', NULL, NULL, NULL),
(118, '1066598192', 'ISABELLA', '', 'CONTRERAS', 'COAVA', NULL, NULL, NULL),
(119, '1193087667', 'MARIA', 'JOSE', 'VERA', 'GONZALEZ', NULL, NULL, NULL),
(120, '1146535351', 'NICOLE', '', 'DUQUE', 'MACIA', NULL, NULL, NULL),
(121, '1082935837', 'GABRIELA', '', 'GALINDO', 'RIBAUTT', NULL, NULL, NULL),
(122, '1082937953', 'BEATRIZ', 'MARTA', 'BARROS', 'ACOSTA', NULL, NULL, NULL),
(123, '1082933148', 'VALENTINA', '', 'ACOSTA', 'VELASQUEZ', NULL, NULL, NULL),
(124, '1084452369', 'MARIA', 'CLAUDIA', 'OSPINO', 'SANCHEZ', NULL, NULL, NULL),
(125, '1084452531', 'GABRIELA', '', 'CHAVEZ', 'KING', NULL, NULL, NULL),
(126, '1067611063', 'MARIA', 'CELESTE', 'GOMEZ', 'BARRIOS', NULL, NULL, NULL),
(127, '1082928460', 'MARIA', 'DE LOS ANGELES', 'BASTIDAS', 'CIFUENTES', NULL, NULL, NULL),
(128, '1082939646', 'ISABEL', 'CRISTINA', 'MERCADO', 'BRITO', NULL, NULL, NULL),
(129, '1082907265', 'CAMILA', 'ANDREA', 'CARDENAS', 'CONTRERAS', NULL, NULL, NULL),
(130, '1082848452', 'SARAI', 'ELENA', 'MURILLO', 'ROJAS', NULL, NULL, NULL),
(131, '1081803707', 'MELANIE', 'ANDREA', 'PALENCIA', 'LOPEZ', NULL, NULL, NULL),
(132, '1084450530', 'ISABEL', 'EMILIA', 'HERAS', 'RANGEL', NULL, NULL, NULL),
(133, '1082848318', 'MARIA', 'LUISA', 'AVILA', 'TAMAYO', NULL, NULL, NULL),
(134, '1082858062', 'ALEJANDRA', 'MARIA', 'RODRIGUEZ', 'CURIEL', NULL, NULL, NULL),
(135, '1082837206', 'DANIELA', '', 'SOTO', 'SALGADO', NULL, NULL, NULL),
(136, '1084452318', 'LUCIANA', 'ALISSON', 'BERMUDEZ', 'VILLALOBOS', NULL, NULL, NULL),
(137, '1083560324', 'MARIANA', 'SOFIA', 'HERRERA', 'PARDO', NULL, NULL, NULL),
(138, '1082932562', 'JULIETA', 'SOFIA', 'DIAZ GRANADOS', 'SERJE', NULL, NULL, NULL),
(139, '1082939721', 'KONNY', 'MARIA', 'CARDENAS', 'VALLE', NULL, NULL, NULL),
(140, '1082909783', 'VALERIA', '', 'JIMENEZ', 'DAZA', NULL, NULL, NULL),
(141, '1082942431', 'NATALIA', 'MATILDE', 'BALLESTEROS', 'RONDON', NULL, NULL, NULL),
(142, '1082862067', 'LUISSA', 'FERNANDA', 'GARCIA', 'AGUILAR', NULL, NULL, NULL),
(143, '1082842678', 'ISABELLA', 'NICOLE', 'CAMPO', 'CABANA', NULL, NULL, NULL),
(144, '1084055429', 'ANGELA', 'MARIA', 'BARRAZA', 'CASTILLO', NULL, NULL, NULL),
(145, '1041693679', 'VALERIE', 'ALLANA', 'DAZA', 'ACUÑA', NULL, NULL, NULL),
(146, '1082856331', 'CAROLINE', 'ANDREA', 'CASADIEGO', 'YEPES', NULL, NULL, NULL),
(147, '1082848521', 'MARIA', 'CELESTE', 'VILLAR', 'BERMUDEZ', NULL, NULL, NULL),
(148, '1035970491', 'KATHERINE', '', 'CEBALLOS', 'HENAO', NULL, NULL, NULL),
(149, '1082832042', 'TIFFANY', 'JULIETH', 'VILLAZON', 'MARTINEZ', NULL, NULL, NULL),
(150, '1084452728', 'VALERIA', '', 'VIZCAINO', 'CALDERON', NULL, NULL, NULL),
(151, '1084452676', 'MARYANGEL', '', 'ROSADO', 'ROJAS', NULL, NULL, NULL),
(152, '1082882753', 'HILARY', '', 'SALAZAR', 'HINCAPIE', NULL, NULL, NULL),
(153, '1082835945', 'MARIA', 'VICTORIA', 'PAREDES', 'CARRILLO', NULL, NULL, NULL),
(154, '1082891490', 'LUCIANA', 'MARIA', 'BARRAZA', 'QUIROGA', NULL, NULL, NULL),
(155, '1084054073', 'MARIA', 'ANGEL', 'BARRAZA', 'QUIROGA', NULL, NULL, NULL),
(156, '1082881032', 'MARIA', 'JOSE', 'FERNANDEZ', 'REYES', NULL, NULL, NULL),
(157, '1082959684', 'MARIA', 'DEL PILAR', 'MARTINEZ', 'PITA', NULL, NULL, NULL),
(158, '1082963060', 'ANIA', 'SOFIA', 'NAVARRO', 'GIRALDO', NULL, NULL, NULL),
(159, '1121211185', 'DULCE', 'LUCIA DE LOS AN', 'PINO', 'BARRANCO', NULL, NULL, NULL),
(160, '1084056773', 'ANA', 'SOFIA', 'LOBATO', 'CEBALLOS', NULL, NULL, NULL),
(161, '1084451598', 'SAMANTHA', 'VICTORIA', 'FREYLE', 'GARCIA', NULL, NULL, NULL),
(162, '1082865306', 'MARIA', 'PAULINA', 'MESA', 'DE ARMAS', NULL, NULL, NULL),
(163, '1027802751', 'NATALIA', '', 'LOPERA', 'SANCHEZ', NULL, NULL, NULL),
(164, '1080540162', 'YEIMI', 'JOHANA', 'FULLA', 'SANTANDER', NULL, NULL, NULL),
(165, '1082958202', 'VICTORIA', 'SOFIA', 'BELLO', 'FUENTES', NULL, NULL, NULL),
(166, '1082956368', 'MARIA', 'ANGELICA', 'LOBO', 'HERNANDEZ', NULL, NULL, NULL),
(167, '1082970965', 'MARIA', 'PAZ', 'LACOUTURE', 'SOCARRAS', NULL, NULL, NULL),
(168, '1082959557', 'ISABEL', 'SOFIA', 'VARGAS', 'VANEGAS', NULL, NULL, NULL),
(169, '1084055841', 'ANA', 'SOFIA', 'GUARDIOLA', 'EFFER', NULL, NULL, NULL),
(170, '1082908482', 'LAURA', 'SOFIA', 'GALLO', 'ZULUAGA', NULL, NULL, NULL),
(171, '1080570831', 'JULIANA', '', 'SALAZAR', 'FERNANDEZ DE CA', NULL, NULL, NULL),
(172, '1082877616', 'JOHANA', 'MICHELL', 'MONTAÑO', 'QUINTERO', NULL, NULL, NULL),
(173, '1082864465', 'JENIFER', 'PAOLA', 'PIRACUN', 'NAVARRO', NULL, NULL, NULL),
(174, '1027802719', 'KAREN', 'MARGARITA', 'ARANGO', 'PEREIRA', NULL, NULL, NULL),
(175, '1084606068', 'IVANNA', 'JOSE', 'GRANADOS', 'ALONSO', NULL, NULL, NULL),
(176, '1082933277', 'LUCIANA', 'MARGARITA', 'PALACIO', 'LOPEZ', NULL, NULL, NULL),
(177, '1084452159', 'TALIANA', '', 'CEBALLOS', 'LOPEZ', NULL, NULL, NULL),
(178, '1048072934', 'CAMILA', 'KEITH', 'FLOREZ', 'ARIAS', NULL, NULL, NULL),
(179, '1082904538', 'MARIA', 'ANGEL', 'PADILLA', 'DE ARMAS', NULL, NULL, NULL),
(180, '1082909061', 'JIMENA', 'CAROLINA', 'MEZA', 'PARODI', NULL, NULL, NULL),
(181, '1043005182', 'HELEM', 'ELIZA', 'TORREGROZA', 'MONTERO', NULL, NULL, NULL),
(182, '1082872156', 'GABRIELA', 'ANDREA', 'LINERO', 'GONZALEZ', NULL, NULL, NULL),
(183, '1082871993', 'DIANA', 'ALEJANDRA', 'CARDENAS', 'MORANTES', NULL, NULL, NULL),
(184, '1123999267', 'ELIEL', 'LORENA', 'PEREZ', 'GUTIERREZ', NULL, NULL, NULL),
(185, '1082903621', 'MARIEL', 'SOFIA', 'FLOREZ', 'MADERA', NULL, NULL, NULL),
(186, '1082945127', 'LAURA', 'MARCELA', 'DAZA', 'BUSTAMANTE', NULL, NULL, NULL),
(187, '1082914878', 'VALERIE', 'NATALIA', 'LEON', 'PEREZ', NULL, NULL, NULL),
(188, '1082868566', 'DANIELA', 'CAROLINA', 'GUZMAN', 'HERNANDEZ', NULL, NULL, NULL),
(189, '1084606261', 'MARIA', 'JOSE', 'GUERRA', 'MOZO', NULL, NULL, NULL),
(190, '1082927732', 'SOFIA', 'YOJANA', 'GONZALEZ', 'NAVARRO', NULL, NULL, NULL),
(191, '1082969141', 'ENOLA', '', 'FUENTES', 'PARRA', NULL, NULL, NULL),
(192, '1084454120', 'VALERIA', 'SOPHIA', 'OSPINO', 'SANCHEZ', NULL, NULL, NULL),
(193, '1034998519', 'VALERIA', '', 'CONTRERAS', 'COAVA', NULL, NULL, NULL),
(194, '1082888948', 'GERALDINE', 'ANDREA', 'GRANADOS', 'COLLANTE', NULL, NULL, NULL),
(195, '1082889666', 'DANIELA', 'ANDREA', 'CABAS', 'TERNERA', NULL, NULL, NULL),
(196, '1082889020', 'LIGIA', 'CAMILA', 'BERMEO', 'BLANCO', NULL, NULL, NULL),
(197, '1082897484', 'ANDREA', 'CAROLINA', 'BUSTAMANTE', 'MIZAR', NULL, NULL, NULL),
(198, '1082973829', 'ZULLY', 'VANESA', 'ANDRADE', 'DIAZ', NULL, NULL, NULL),
(199, '1082877986', 'DANIELA', 'MARIA', 'RIVERA', 'TERNERA', NULL, NULL, NULL),
(200, '1205963055', 'ANA', 'SOFIA', 'COLMENARES', 'MORINELLY', NULL, NULL, NULL),
(201, '1082957852', 'GABRIELA', '', 'GNECCO', 'CASTRO', NULL, NULL, NULL),
(202, '1081800002', 'MARIA', 'PAOLA', 'MENDOZA', 'PEREZ', NULL, NULL, NULL),
(203, '1083463788', 'LUISA', 'FERNANDA', 'PERALTA', 'BARRAZA', NULL, NULL, NULL),
(204, '1084451367', 'ALEJANDRA', 'SOFIA', 'SUAREZ', 'ALVAREZ', NULL, NULL, NULL),
(205, '1082859245', 'VALENTINA', '', 'GARCIA', 'PAREDES', NULL, NULL, NULL),
(206, '1084054170', 'KARINA', 'CATALINA', 'PARODI', 'GONZALEZ', NULL, NULL, NULL),
(207, '1082973310', 'NATALIA', '', 'IBAÑEZ', 'MARRIAGA', NULL, NULL, NULL),
(208, '1082887559', 'YULIANA', '', 'PEREZ', 'DURAN', NULL, NULL, NULL),
(209, '1082894158', 'NATHALYA', 'CECILIA', 'GUTIERREZ', 'RENDON', NULL, NULL, NULL),
(210, '1082894335', 'MARIA', 'ANGEL', 'LINDAO', 'GONZALEZ', NULL, NULL, NULL),
(211, '1082878076', 'MARIANA', '', 'GUERRA', 'MOZO', NULL, NULL, NULL),
(212, '1082842756', 'ATISEYNEKUN', '', 'MEJIA', 'TORRES', NULL, NULL, NULL),
(213, '1126003575', 'VALENTINA', 'LAUREN', 'MURPHY', 'GAMEZ', NULL, NULL, NULL),
(214, '1082996888', 'SALOME', 'VALERIA', 'COTES', 'ORTIZ', NULL, NULL, NULL),
(215, '1082993265', 'ANTONELLA', 'DE JESUS', 'RAMOS', 'CASTRO', NULL, NULL, NULL),
(216, '1084455019', 'SOFIA', 'ALEJANDRA', 'RODRIGUEZ', 'MACIAS', NULL, NULL, NULL),
(217, '1082995250', 'MARIANA', 'ISABEL', 'PARRA', 'VILLALBA', NULL, NULL, NULL),
(218, '1084452522', 'NATALIA', 'NICOLLE', 'ARANGO', 'TEJEDA', NULL, NULL, NULL),
(219, '1082945758', 'DANNA', 'SOFIA', 'LAZCANO', 'BRUGES', NULL, NULL, NULL),
(220, '1082913177', 'MARIANA', 'MARCELA', 'PINEDA', 'MAIGUEL', NULL, NULL, NULL),
(221, '1082925543', 'SANDRA', 'MILENA', 'RODRIGUEZ', 'CURIEL', NULL, NULL, NULL),
(222, '1082904213', 'ALEJANDRA', 'MARIA', 'MONTENEGRO', 'FUENTES', NULL, NULL, NULL),
(223, '1082894623', 'LAURA', 'MARCELA', 'LAZCANO', 'BRUGES', NULL, NULL, NULL),
(224, '1082989034', 'SUMMER', 'ALICIA', 'ORTIZ', 'DE LEON', NULL, NULL, NULL),
(225, '1082990376', 'VALERIA', 'SOFIA', 'RAMIREZ', 'BALLESTAS', NULL, NULL, NULL),
(226, '1082907468', 'VALERIA', 'MARGARITA', 'RIVERO', 'GUETE', NULL, NULL, NULL),
(227, '1084056241', 'MARIANA', 'PAOLA', 'PEÑA', 'PATERNINA', NULL, NULL, NULL),
(228, '1205963253', 'LUCIANA', 'SOFIA', 'LAGUNA', 'GIRALDO', NULL, NULL, NULL),
(229, '1142715477', 'LAURA', 'VICTORIA', 'ROMERO', 'PADILLA', NULL, NULL, NULL),
(230, '3173310706', 'NICOLLE', '', 'HERNANDEZ', 'HERNANDEZ', NULL, NULL, NULL),
(231, '1082915642', 'MARIANGEL', '', 'GUERRA', 'MOZO', NULL, NULL, NULL),
(232, '1029149975', 'MARIA', 'JOSE', 'MONTENEGRO', 'RAMOS', NULL, NULL, NULL),
(233, '1082925387', 'PAULA', 'ANDREA', 'VALENCIA', 'BROCHERO', NULL, NULL, NULL),
(234, '1082902291', 'ISABEL', 'SOFIA', 'PARRA', 'SALAZAR', NULL, NULL, NULL),
(235, '1084450121', 'MARIA', 'FERNANDA', 'POLO', 'CORREA', NULL, NULL, NULL),
(236, '1082929900', 'ISABEL', 'SOFIA', 'SERRANO', 'ESCORCIA', NULL, NULL, NULL),
(237, '1065131966', 'WENDY', 'YULIETH', 'REYES', 'GARCIA', NULL, NULL, NULL),
(238, '1083007209', 'JOHANNA', 'MILENA', 'CAMPO', 'GRANADOS', NULL, NULL, NULL),
(239, '1084456979', 'ALEXANDRA', '', 'IBAÑEZ', 'RUEDA', NULL, NULL, NULL),
(240, '1084456292', 'DANIA', 'MICHELLE', 'MARIN', 'YANET', NULL, NULL, NULL),
(241, '1083002239', 'VALERIA', 'SOFIA', 'NIETO', 'RUIZ', NULL, NULL, NULL),
(242, '1083003731', 'GABRIELA', '', 'SALCEDO', 'ACEVEDO', NULL, NULL, NULL),
(243, '1084058061', 'PAULA', '', 'GUTIERREZ', 'CANDANOZA', NULL, NULL, NULL),
(244, '1082968975', 'MARIA', 'ANGEL', 'CASTILLO', 'CASTILLO', NULL, NULL, NULL),
(245, '1021316406', 'LUNA', 'GABRIELA', 'FONSECA', 'ARDILA', NULL, NULL, NULL),
(246, '1082914711', 'MARIA', 'TERESA', 'MEDINA', 'FERRIGNO', NULL, NULL, NULL),
(247, '1084462309', 'PAULA', 'ANDREA', 'GARCIA', 'BENEDETTI', NULL, NULL, NULL),
(248, '1082922979', 'MARIANELLA', '', 'MIRANDA', 'ARCILA', NULL, NULL, NULL),
(249, '1082919412', 'LAURA', 'JASAY', 'ALVAREZ', 'GONZALEZ', NULL, NULL, NULL),
(250, '1082912311', 'MERYS', 'DANIELA', 'MORALES', 'MATTOS', NULL, NULL, NULL),
(251, '1082897910', 'PAULA', 'SOFIA', 'FERNANDEZ', 'ARDILA', NULL, NULL, NULL),
(252, '1118830261', 'SARA', 'MILAGROS', 'BRITO', 'CAMARGO', NULL, NULL, NULL),
(253, '1034784259', 'EMILY', '', 'GOT', 'TRUJILLO', NULL, NULL, NULL),
(254, '1082948029', 'ALEJANDRA', 'SOFIA', 'VELASQUEZ', 'MOLINA', NULL, NULL, NULL),
(255, '1027282454', 'LUNA', 'SOFIA', 'MORON', 'BARROS', NULL, NULL, NULL),
(256, '1083010590', 'SOFIA', 'MARGARITA', 'CAMPO', 'JULIO', NULL, NULL, NULL),
(257, '1082994678', 'VICTORIA', 'SOFIA', 'DIAZ', 'RODRIGUEZ', NULL, NULL, NULL),
(258, '1121335668', 'GABRIELLA', 'SOPHIA', 'FUENTES', 'MAZENET', NULL, NULL, NULL),
(259, '1082960229', 'SOFIA', 'ISABEL', 'GOMEZ', 'KERGUELEN', NULL, NULL, NULL),
(260, '1082929927', 'MARIA', 'JOSE', 'ROBLES', 'RODRIGUEZ', NULL, NULL, NULL),
(261, '1082931038', 'MARIANA', 'SOFIA', 'SARMIENTO', 'MERINO', NULL, NULL, NULL),
(262, '1082912689', 'YALILE', 'SOFIA', 'TORRES', 'MEZA', NULL, NULL, NULL),
(263, '1082883989', 'SHAYLAN', 'NAIDU', 'SALAS', 'HUGUETT', NULL, NULL, NULL),
(264, '1083012322', 'LUCIANA', 'MARIA', 'GRANADOS', 'RIOS', NULL, NULL, NULL),
(265, '1084452061', 'VALERIA', 'DE JESUS', 'GUTIERREZ', 'PEÑARANDA', NULL, NULL, NULL),
(266, '1083017555', 'SAMANTA', '', 'LINERO', 'SALCEDO', NULL, NULL, NULL),
(267, '1083024972', 'NATALIA', 'ELENA', 'NIETO', 'RUIZ', NULL, NULL, NULL),
(268, '1124063513', 'TASHAREN', 'VICTORIA', 'GUTIERREZ', 'MUÑOZ', NULL, NULL, NULL),
(269, '1084458077', 'VALERIA', '', 'SANCHEZ', 'CAMPO', NULL, NULL, NULL),
(270, '1084457064', 'LITZY', 'BELEN', 'RUIZ', 'VIDES', NULL, NULL, NULL),
(271, '1082929223', 'VALENTINA', '', 'GOMEZ', 'ARROYO', NULL, NULL, NULL),
(272, '1082953407', 'DANA', 'GABRIELA', 'PEÑA', 'ARIZA', NULL, NULL, NULL),
(273, '1082984297', 'GISELL', 'VALENTINA', 'BUSTAMANTE', 'MIZAR', NULL, NULL, NULL),
(274, '1083016285', 'JULIANA', 'SOFIA', 'BARRANCO', 'ESCOBAR', NULL, NULL, NULL),
(275, '1205964188', 'VALERIE', '', 'CAMPO', 'BARROS', NULL, NULL, NULL),
(276, '1048078969', 'ANDREA', 'VALENTINA', 'VARGAS', 'PABOLA', NULL, NULL, NULL),
(277, '1082974679', 'ISABELLA', 'SOFIA', 'LARA', 'YEPES', NULL, NULL, NULL),
(278, '1082855703', 'LIA', 'VALENTINA', 'PAREJO', 'LOPEZ', NULL, NULL, NULL),
(279, '1082859169', 'ESTHEFANY', 'ROCIO', 'AGUILAR', 'JIMENEZ', NULL, NULL, NULL),
(280, '1084456803', 'ANDREA', 'SOFIA', 'ACOSTA', 'DANIEL', NULL, NULL, NULL),
(281, '1083009791', 'ISABELLA', '', 'CAMARGO', 'MELCHOR', NULL, NULL, NULL),
(282, '1084607057', 'SOFIA', 'CAROLINA', 'MORA', 'RODRIGUEZ', NULL, NULL, NULL),
(283, '1084455018', 'SARA', '', 'RODRIGUEZ', 'OREJARENA', NULL, NULL, NULL),
(284, '1083004351', 'CRISTINA', 'ISABEL', 'PEÑA', 'NORIEGA', NULL, NULL, NULL),
(285, '1084456649', 'ISABELLA', '', 'DIAZ', 'RODRIGUEZ', NULL, NULL, NULL),
(286, '1082967231', 'NICOLLE', 'SAMANTHA', 'FONTALVO', 'FERNANDEZ', NULL, NULL, NULL),
(287, '1082951813', 'MARIANA', '', 'PEREZ', 'RINCON', NULL, NULL, NULL),
(288, '1082935198', 'ALINA', 'ISABEL', 'AGUIRRE', 'TETE', NULL, NULL, NULL),
(289, '1082930552', 'MARIA', 'PAULA', 'ALVAREZ', 'OROZCO', NULL, NULL, NULL),
(290, '1082930623', 'ZHARID', 'MARCELA', 'CURIEL', 'PEREZ', NULL, NULL, NULL),
(291, '1027660737', 'MARIANA', '', 'ALFARO', 'OSPINA', NULL, NULL, NULL),
(292, '1031940640', 'ISABELLA', '', 'ALVAREZ', 'AGUDELO', NULL, NULL, NULL),
(293, '1082926602', 'ALEJANDRA', 'MARIA', 'GUZMAN', 'HERNANDEZ', NULL, NULL, NULL),
(294, '1083554718', 'MARIANELA', 'SOFIA', 'MACIAS', 'MUÑOZ', NULL, NULL, NULL),
(295, '1018450911', 'JULIANA', '', 'HERNANDEZ', 'ANGULO', NULL, NULL, NULL),
(296, '1082933647', 'EMILY', 'VALENTINA', 'OVALLE', 'CASTRO', NULL, NULL, NULL),
(297, '1082926055', 'IVANA', 'LUCIA', 'GARCIA', 'MUÑOZ', NULL, NULL, NULL),
(298, '1082861376', 'LAURA', 'MARCELA', 'TORREGROZA', 'DE LA ROSA', NULL, NULL, NULL),
(299, '1083011196', 'DANNA', 'GABRIELA', 'CERVANTES', 'DIAZA', NULL, NULL, NULL),
(300, '1019763545', 'MARIA', 'JOSE', 'VELANDIA', 'BULLA', NULL, NULL, NULL),
(301, '1205964981', 'ARIANA', 'ISABEL', 'TEJEDA', 'MORENO', NULL, NULL, NULL),
(302, '37895470', 'JACKELINE', '', 'ARENAS', 'SILVA', NULL, NULL, NULL),
(303, '57418305', 'INGRIDS', 'DEL SOCORRO', 'GRAZZIANI', 'BURGOS', NULL, NULL, NULL),
(304, '63495757', 'BLANCA', 'ZULAY', 'MORINELLY', 'RAMIREZ', NULL, NULL, NULL),
(305, '85450224', 'ALBERTO', '', 'COTES', 'MARADEI', NULL, NULL, NULL),
(306, '57429539', 'REINELDA', 'DE JESUS', 'FONTALVO', 'FRANCO', NULL, NULL, NULL),
(307, '85468253', 'JOSE', 'GREGORIO', 'DEL TORO', 'SIERRA', NULL, NULL, NULL),
(308, '85475351', 'OSWALDO', 'ENRIQUE', 'GRANADOS', 'PEÑATE', NULL, NULL, NULL),
(309, '7629866', 'FREDY', 'ALEXANDER', 'JIMENEZ', 'VESGA', NULL, NULL, NULL),
(310, '57442753', 'MARTHA', 'FRANCISCA', 'CABRERA', 'MONTES', NULL, NULL, NULL),
(311, '57426359', 'KENIA', 'ISELA', 'BRUGES', 'RUIZ', NULL, NULL, NULL),
(312, '57292551', 'VERONICA', '', 'MOLINA', 'LOPEZ', NULL, NULL, NULL),
(313, '36727581', 'TATIANA', 'PATRICIA', 'BOLAÑO', 'RIVAS', NULL, NULL, NULL),
(314, '57297395', 'LAUREN', 'SOFIA', 'TORRES', 'VERGARA', NULL, NULL, NULL),
(315, '85465886', 'YEMIS', 'DE JESUS', 'CONTRERAS', 'MARTINEZ', NULL, NULL, NULL),
(316, '36548547', 'MARIA', 'JOSE', 'ARIAS', 'OSPINO', NULL, NULL, NULL),
(317, '52175562', 'MARTA', 'ERICA', 'ARIZA', 'PARDO', NULL, NULL, NULL),
(318, '85471336', 'ADAULFO', 'PASTOR', 'GOMEZ', 'MATIZ', NULL, NULL, NULL),
(319, '57298115', 'KATHERINE', 'JOHANNA', 'PANTOJA', 'FRANCO', NULL, NULL, NULL),
(320, '57461296', 'AURA', 'MARIA', 'URECHE', 'CANTILLO', NULL, NULL, NULL),
(321, '57437085', 'SANDRA', 'LILIANA', 'LUNA', 'PULIDO', NULL, NULL, NULL),
(322, '26961013', 'CARMEN', 'JOSEFINA', 'GONZALEZ', 'DE DANDARE', NULL, NULL, NULL),
(323, '26670490', 'YANELIS', 'YOHANA', 'DAZA', 'SOTO', NULL, NULL, NULL),
(324, '7144244', 'OSCAR', 'DE LA CRUZ', 'BALLESTAS', 'SANTANA', NULL, NULL, NULL),
(325, '40936237', 'KAREN', 'JOHANNA', 'FUENTES', 'DIAZ', NULL, NULL, NULL),
(326, '1082953126', 'WENDY', 'JOHANA', 'RESTREPO', 'GOMEZ', NULL, NULL, NULL),
(327, '57435291', 'OMALYS', 'BEATRIZ', 'KING', 'FERNANDEZ', NULL, NULL, NULL),
(328, '45439270', 'GINA', 'DEL CARMEN', 'MARRUGO', 'ARIZA', NULL, NULL, NULL),
(329, '57299542', 'MALKA', 'IRINA', 'MARTINEZ', 'CAMPO', NULL, NULL, NULL),
(330, '57464788', 'VIVIANA', 'PAOLA', 'LIZARAZO', 'PIMIENTO', NULL, NULL, NULL),
(331, '85455169', 'OSCAR', 'IGNACIO', 'GAMEZ', 'CANTILLO', NULL, NULL, NULL),
(332, '36667815', 'ADELA', 'MARIA', 'SOCARRAS', 'PEREZ', NULL, NULL, NULL),
(333, '39048414', 'YESENIA', 'DEL ROSARIO', 'TERNERA', 'RIVADENEIRA', NULL, NULL, NULL),
(334, '57292683', 'VANESSA', 'PAOLA', 'VILARETE', 'VILARETE', NULL, NULL, NULL),
(335, '39001006', 'MAIDA', 'SOFIA', 'HERNANDEZ', 'HERNANDEZ', NULL, NULL, NULL),
(336, '22591017', 'MELISSA', 'ALEJANDRA', 'COVELLI', 'DAVILA', NULL, NULL, NULL),
(337, '36669265', 'DIANA', 'FARIDES', 'DIAZ', 'REYES', NULL, NULL, NULL),
(338, '57445371', 'SAILIS', 'PATRICIA', 'GUARDIOLA', 'MONTES', NULL, NULL, NULL),
(339, '57432130', 'RUBIANA', 'BEATRIZ', 'NUÑEZ', 'MENDOZA', NULL, NULL, NULL),
(340, '37229552', 'RUBIELA', '', 'RIOS', '', NULL, NULL, NULL),
(341, '22563473', 'YISSETH', 'ELENA', 'HERNANDEZ', 'DEL VALLE', NULL, NULL, NULL),
(342, '57303140', 'LUDYS', 'MARGARITA', 'LLANOS', 'DE LOS REYES', NULL, NULL, NULL),
(343, '57417111', 'MARIA', 'DEL PILAR ', 'ACEVEDO', 'ACEVEDO', NULL, NULL, NULL),
(344, '37335608', 'LICETH', 'JOHANA', 'REYES', 'MARCONI', NULL, NULL, NULL),
(345, '36725451', 'SANDY', 'KARINA', 'PARDO', 'MEJIA', NULL, NULL, NULL),
(346, '36725122', 'KELLY', 'JOHANNA', 'PEREA', 'CAJAL', NULL, NULL, NULL),
(347, '36719175', 'LIZETH', 'BEATRIZ', 'PEREIRA', 'MORALES', NULL, NULL, NULL),
(348, '57433505', 'SANDRA', 'LILIANA', 'TRUJILLO', 'CORREA', NULL, NULL, NULL),
(349, '36697384', 'SAMIRA', 'BEATRIZ', 'HERNANDEZ', 'MONTENEGRO', NULL, NULL, NULL),
(350, '39048470', 'FARLEY', 'ADRIANA', 'QUINTERO', 'ACEVEDO', NULL, NULL, NULL),
(351, '85451286', 'IVAN', 'ENRIQUE', 'RODRIGUEZ', 'MORALES', NULL, NULL, NULL),
(352, '57434436', 'CARMEN', 'ELENA', 'ROMERO', 'RODRIGUEZ', NULL, NULL, NULL),
(353, '57292812', 'JUANA', 'MARIA', 'PERTUZ', 'CABALLERO', NULL, NULL, NULL),
(354, '28411201', 'CONCEPCION', '', 'DUARTE', 'AYALA', NULL, NULL, NULL),
(355, '36721007', 'ORFA', 'INES', 'BALLESTAS', 'ACEVEDO', NULL, NULL, NULL),
(356, '1082931134', 'ISABELLA', '', 'ACEVEDO', 'GOMEZ', NULL, NULL, NULL),
(357, '19394425', 'JAIME', 'DANIEL', 'BOLIVAR', 'MILLAN', NULL, NULL, NULL),
(358, '36721157', 'SAINE', 'MILENA', 'GALVIS', 'PADILLA', NULL, NULL, NULL),
(359, '57450723', 'MARIA', 'DOLORES', 'MORENO', 'OSORIO', NULL, NULL, NULL),
(360, '26901705', 'GEOMAR', '', 'SORACA', 'LOPEZ', NULL, NULL, NULL),
(361, '1083453235', 'LUZ', 'MARINA', 'FERNANDEZ DE CA', ' DE LA CRUZ', NULL, NULL, NULL),
(362, '26666757', 'SUGEY', '', 'SALGADO', 'PEREZ', NULL, NULL, NULL),
(363, '36693856', 'MARYELYS', 'MILENA', 'TORO', 'RODRIGUEZ', NULL, NULL, NULL),
(364, '57439705', 'DIGNA', 'BEATRIZ', 'ALVAREZ', 'ROLONG', NULL, NULL, NULL),
(365, '57441654', 'ROXANA', 'MABEL', 'GALVIS', 'FERNANDEZ', NULL, NULL, NULL),
(366, '36723865', 'NIYIRETH', 'PATRICIA', 'MOLINARES', 'CAMARGO', NULL, NULL, NULL),
(367, '65633039', 'JASBLEIDY', '', 'JIMENEZ', 'VILLAMIL', NULL, NULL, NULL),
(368, '36564686', 'GLORIA', 'ESTHER', 'HENRIQUEZ', 'VALDERRAMA', NULL, NULL, NULL),
(369, '12555928', 'CARLOS', '', 'ROMERO', 'VELASQUEZ', NULL, NULL, NULL),
(370, '57445101', 'OLGA', 'LUCIA', 'OCAMPO', 'DE LA HOZ', NULL, NULL, NULL),
(371, '36666860', 'PAOLA', 'MARIA', 'VIANA', 'NUÑEZ', NULL, NULL, NULL),
(372, '36693867', 'LUZ', 'ALEXANDRA', 'MORAN', 'LIZARAZO', NULL, NULL, NULL),
(373, '57462411', 'SINDY', 'ISABEL', 'IGUARAN', 'GARCIA', NULL, NULL, NULL),
(374, '36531419', 'ZULLY', 'SIDIS', 'PEDROZA', 'CANTILLO', NULL, NULL, NULL),
(375, '1098628849', 'LUCY', 'VIVIANA', 'DONADO', 'SANTIAGO', NULL, NULL, NULL),
(376, '36532634', 'LUZ', 'MARINA', 'HINCAPIE', 'BARRAZA', NULL, NULL, NULL),
(377, '57435512', 'BIERIS', 'ESTER', 'MAESTRE', 'DE LUQUE', NULL, NULL, NULL),
(378, '39048336', 'KETHY', 'LUZ', 'PEREZ', 'CORREA', NULL, NULL, NULL),
(379, '1042859843', 'SALOME', '', 'DIAZ', 'DAW', NULL, NULL, NULL),
(380, '36694622', 'YESENIA', 'MARIA', 'TEJEDA', 'PARDO', NULL, NULL, NULL),
(381, '36720077', 'BELKY', 'PATRICIA', 'MENDOZA', 'PACHECO', NULL, NULL, NULL),
(382, '52114225', 'MARIA', 'MARTA', 'LOZANO', 'TORRES', NULL, NULL, NULL),
(383, '1082941638', 'MARIANELLA', '', 'SANTODOMINGO', 'BARROS', NULL, NULL, NULL),
(384, '1083465234', 'DISLAY', 'NIKHOL', 'MARROQUIN', 'CORREA', NULL, NULL, NULL),
(385, '32774912', 'MILENA', 'OMAIRA', 'MEJIA', 'BADILLO', NULL, NULL, NULL),
(386, '7143925', 'NICOLAS', 'GREGORIO', 'FREYLE', 'COLLANTE', NULL, NULL, NULL),
(387, '45546754', 'TANIA', 'PATRICIA', 'PADILLA', 'DIAZ', NULL, NULL, NULL),
(388, '52271128', 'CLAUDIA', 'LUCIA', 'RANGEL', 'JAIMES', NULL, NULL, NULL),
(389, '52736324', 'KETY', 'JOHANNA', 'ARIAS', 'RUEDA', NULL, NULL, NULL),
(390, '7144724', 'IVAN', 'ENRIQUE', 'TEJEDA', 'DEL PORTILLO', NULL, NULL, NULL),
(391, '36719781', 'ANA', 'AGUSTINA', 'QUINTERO', 'LIZCANO', NULL, NULL, NULL),
(392, '26802323', 'LAURENT', 'DEL CARMEN', 'FONSECA', 'SANTANDER', NULL, NULL, NULL),
(393, '57442071', 'LILIANA', 'ESTHER', 'RAMIREZ', 'RAMOS', NULL, NULL, NULL),
(394, '39048463', 'DIRAYMA', 'ELOISA', 'NIEVES', 'PEREZ', NULL, NULL, NULL),
(395, '36726914', 'ANA', 'JULIA', 'MONTES', 'TORRES', NULL, NULL, NULL),
(396, '26907580', 'CRUZ', 'MARIA', 'DELGADO', 'JIMENEZ', NULL, NULL, NULL),
(397, '57428473', 'LUCY', 'MERCEDES', 'MELO', 'RODRIGUEZ', NULL, NULL, NULL),
(398, '52265116', 'PATRICIA', '', 'HERRERA', 'BARROS', NULL, NULL, NULL),
(399, '96353811', 'LORENZO', '', 'CUELLAR', 'GOMEZ', NULL, NULL, NULL),
(400, '36725752', 'TATIANA', 'CAROLINA', 'GONZALEZ', 'JALLER', NULL, NULL, NULL),
(401, '55169740', 'SANDRA', 'LILIANA', 'FORERO', 'RIVERA', NULL, NULL, NULL),
(402, '36562584', 'EDILMA', '', 'GOMEZ', 'OLAVE', NULL, NULL, NULL),
(403, '85450269', 'CARLOS', 'ARTURO', 'MARTINEZ', 'PEREZ', NULL, NULL, NULL),
(404, '36720105', 'LILIANA', 'ISABEL', 'MORALES', 'ACUÑA', NULL, NULL, NULL),
(405, '36697309', 'YEIMIS', '', 'ACEVEDO', 'MEJIA', NULL, NULL, NULL),
(406, '1082859252', 'HELENA', 'PATRICIA', 'GOMEZ', 'ARREGOCES', NULL, NULL, NULL),
(407, '57434804', 'OLGA', 'LUCIA', 'YANET', 'FUENTES', NULL, NULL, NULL),
(408, '57423500', 'ALBA', 'LUZ', 'BOSSA', 'OVALLOS', NULL, NULL, NULL),
(409, '85460640', 'CESAR', 'AUGUSTO', 'URBINA', 'GONZALEZ', NULL, NULL, NULL),
(410, '63361071', 'JUDITH', '', 'NAVARRO', 'CACERES', NULL, NULL, NULL),
(411, '37531146', 'YANETH', '', 'PEÑALOZA', 'BARRAGAN', NULL, NULL, NULL),
(412, '1067844280', 'KAREN', 'BEATRIZ', 'SALEME', 'RUIZ', NULL, NULL, NULL),
(413, '57441227', 'ZERETH', 'PATRICIA', 'PALACIO', 'FUENTES', NULL, NULL, NULL),
(414, '57294299', 'SHIRLEY', 'PATRICIA', 'CANDELARIO', 'MARTINEZ', NULL, NULL, NULL),
(415, '36668820', 'YAHAIRA', 'ISABEL', 'GARCIA', 'GARCIA', NULL, NULL, NULL),
(416, '85466470', 'ADLER', 'ANAIS', 'ARAUJO', 'RAMIREZ', NULL, NULL, NULL),
(417, '36545893', 'ELIZABETH', '', 'GARIZADO', 'MONTERO', NULL, NULL, NULL),
(418, '52930530', 'CLAUDIA', 'MILENA', 'CONTRERAS', 'GUERRA', NULL, NULL, NULL),
(419, '7141966', 'FERNANDO', '', 'PINILLA', 'PERTUZ', NULL, NULL, NULL),
(420, '39049839', 'ANGELICA', 'MARIA', 'MATTOS', 'DE ANDREIS', NULL, NULL, NULL),
(421, '57444386', 'IRINA', 'ESTHER', 'SIERRA', 'BLANCO', NULL, NULL, NULL),
(422, '4979218', 'SANDER', 'ALFONSO', 'RODRIGUEZ', 'PEÑA', NULL, NULL, NULL),
(423, '36536263', 'CLARIBEL', 'CECILIA', 'GRANADOS', 'NUÑEZ', NULL, NULL, NULL),
(424, '1082904328', 'NIRIDA', '', 'CANTILLO', 'PRIETO', NULL, NULL, NULL),
(425, '36720489', 'PATRICIA', '', 'ORTIZ', 'MARTINEZ', NULL, NULL, NULL),
(426, '28268550', 'AZUCENA', '', 'SILVA', 'CALDERON', NULL, NULL, NULL),
(427, '57465385', 'JULIETH', 'SAMIRA', 'PAREDES', 'CASTRO', NULL, NULL, NULL),
(428, '39068793', 'MONICA', 'INES', 'FARELO', 'ROMERO', NULL, NULL, NULL),
(429, '36547093', 'AMERICA', 'YOLANDA', 'POSADA', 'AVENDAÑO', NULL, NULL, NULL),
(430, '1075210095', 'ROSALYN', 'ANNEGRET', 'SOTO', 'HERNANDEZ', NULL, NULL, NULL),
(431, '25999468', 'MELISSA', '', 'COAVA', 'TRESPALACIOS', NULL, NULL, NULL),
(432, '22477977', 'KATHERINE', 'MICHELLE', 'GONZALEZ', 'VILLANUEVA', NULL, NULL, NULL),
(433, '12554310', 'PEDRO', 'AUGUSTO', 'DUQUE', 'JOYA', NULL, NULL, NULL),
(434, '36560048', 'GRACIELA', '', 'RIBAUTT', 'OSORIO', NULL, NULL, NULL),
(435, '57461757', 'GLENDA', 'BEATRIZ', 'ACOSTA', 'MOLINA', NULL, NULL, NULL),
(436, '36722270', 'ALEJANDRA', 'MARIA', 'VELASQUEZ', 'AGUDELO', NULL, NULL, NULL),
(437, '57460756', 'CLAUDIA', 'ELIANA', 'SANCHEZ', 'ARIAS', NULL, NULL, NULL),
(438, '1084606873', 'THAEL', '', 'SUAREZ', 'MACHADO', NULL, NULL, NULL),
(439, '7143016', 'CARLOS', 'AUGUSTO', 'SANTODOMINGO', 'VEGA', NULL, NULL, NULL),
(440, '32770186', 'LIDA', 'DEL PILAR', 'BARRIOS', 'RIVERA', NULL, NULL, NULL),
(441, '25022751', 'GLORIA', 'PATRICIA', 'CIFUENTES', 'UTIMA', NULL, NULL, NULL),
(442, '57461703', 'CRISNAY', '', 'BRITO', 'VALDERRAMA', NULL, NULL, NULL),
(443, '57434790', 'ARALILA', 'YOLANDA', 'CONTRERAS', 'SALINAS', NULL, NULL, NULL),
(444, '57298505', 'NINI', 'JOHANNA', 'ROJAS', 'CARRASCAL', NULL, NULL, NULL),
(445, '85459864', 'DAVID', 'ENRIQUE', 'PALENCIA', 'MORALES', NULL, NULL, NULL),
(446, '36560355', 'EMILIA', 'ROSA', 'RANGEL', 'JUVINAO', NULL, NULL, NULL),
(447, '36667120', 'FATIMA', 'ISABEL', 'MORELLI', 'MENDOZA', NULL, NULL, NULL),
(448, '19613714', 'LUIS', 'EDUARDO', 'AVILA', 'GUETTE', NULL, NULL, NULL),
(449, '57434806', 'AVELINA', 'MARIA', 'CURIEL', 'SAMPER', NULL, NULL, NULL),
(450, '36721048', 'INGRIS', 'ISABEL', 'SALGADO', 'VILLADIEGO', NULL, NULL, NULL),
(451, '57441911', 'ELIANA', 'MARGARITA', 'VILLALOBOS', 'MANJARRES', NULL, NULL, NULL),
(452, '36725451', 'SANDY', 'KARINA', 'PARDO', 'MEJIA', NULL, NULL, NULL),
(453, '39048906', 'ZOILA', 'SOFIA', 'SERJE', 'GOMEZ', NULL, NULL, NULL),
(454, '36725033', 'CONSUELO', 'MARGARITA', 'VALLE', 'REGALAO', NULL, NULL, NULL),
(455, '1082880626', 'MARIAGABRIELA', '', 'TERAN', 'COVELLI', NULL, NULL, NULL),
(456, '1080426750', 'SHADIA', 'ISABELLE', 'MARTHINSEN', 'MEJIA', NULL, NULL, NULL),
(457, '37531076', 'CLAUDIA', '', 'RONDON', 'JIMENEZ', NULL, NULL, NULL),
(458, '49773964', 'DEICY', 'MARINA', 'AGUILAR', 'MARQUEZ', NULL, NULL, NULL),
(459, '26960203', 'ELISA', 'VIRGINIA', 'DE LUQUE', 'DE CAMPO', NULL, NULL, NULL),
(460, '36527211', 'NANCY', 'ESTHER', 'MANCILLA', 'GONZALEZ', NULL, NULL, NULL),
(461, '39099183', 'EDITH', 'JOHANA', 'ACUÑA', 'ORTIZ', NULL, NULL, NULL),
(462, '57443139', 'MARINELLA', 'MARIETH', 'YEPES', 'ARREGOCES', NULL, NULL, NULL),
(463, '36720604', 'LILIANA', 'ISABEL', 'BERMUDEZ', 'NAVARRO', NULL, NULL, NULL),
(464, '42793992', 'DORA', 'EMILSE', 'HENAO', 'RIOS', NULL, NULL, NULL),
(465, '36693668', 'MARIA', 'ELENA', 'MARTINEZ', 'LARA', NULL, NULL, NULL),
(466, '57299776', 'HENA', 'MARGARITA', 'CALDERON', 'MORENO', NULL, NULL, NULL),
(467, '36548787', 'ELSA', 'MATILDE', 'PADILLA', 'HERNANDEZ', NULL, NULL, NULL),
(468, '57439946', 'ROSARIO', 'ESTHER', 'HINCAPIE', 'SARMIENTO', NULL, NULL, NULL),
(469, '85474532', 'VICTOR', 'JULIO', 'PAREDES', 'ACEVEDO', NULL, NULL, NULL),
(470, '32755220', 'GLADYS', '', 'QUIROGA', 'LUQUE', NULL, NULL, NULL),
(471, '32755220', 'GLADYS', '', 'QUIROGA', 'LUQUE', NULL, NULL, NULL),
(472, '36593513', 'YARLYS', 'EDITH', 'REYES', 'BARRIOS', NULL, NULL, NULL),
(473, '1082842870', 'MARISOL', '', 'PITA', 'PARDO', NULL, NULL, NULL),
(474, '36551768', 'DUBY', 'IBETH', 'GIRALDO', 'ALFONSO', NULL, NULL, NULL),
(475, '1082864660', 'ADRIANA', 'CAROLINA', 'BARRANCO', 'GOENAGA', NULL, NULL, NULL),
(476, '85451673', 'JAVIER', 'ENRIQUE', 'LOBATO', 'SILVA', NULL, NULL, NULL),
(477, '36531977', 'ROSA', 'ESTHER', 'MARQUEZ', 'RIVAS', NULL, NULL, NULL),
(478, '85463040', 'JORGE', 'ENRIQUE', 'MESA', 'GRANADOS', NULL, NULL, NULL),
(479, '36727701', 'MARIA', 'DEL CARMEN', 'SALAS', 'ORTIZ', NULL, NULL, NULL),
(480, '85455473', 'ISAIAS', 'MOICES', 'FULLA', 'BERNIER', NULL, NULL, NULL),
(481, '1082867887', 'VALENTINA', 'ALANNYS', 'BERMUDEZ', 'VILLALOBOS', NULL, NULL, NULL),
(482, '39047378', 'JACKELINE', 'OFIRTIS', 'HERNANDEZ', 'JOHNSON', NULL, NULL, NULL),
(483, '57425997', 'FARIDE', 'HELENA', 'DAW', 'NADJAR', NULL, NULL, NULL),
(484, '1082925008', 'VERONICA', 'SOFIA', 'CAMARGO', 'VILARETE', NULL, NULL, NULL),
(485, '1051655318', 'KELLYS', 'JOHANNA', 'VANEGAS', 'PASTRAN', NULL, NULL, NULL),
(486, '39046543', 'HEIBY', 'VIVIANA', 'EFFER', 'OSPINA', NULL, NULL, NULL),
(487, '43450668', 'MARIA', 'YANED', 'ZULUAGA', 'ARISTIZABAL', NULL, NULL, NULL),
(488, '1081918100', 'YESENIA', 'MERCEDES', 'FERNANDEZ DE CA', 'RIBON', NULL, NULL, NULL),
(489, '56068129', 'SONIA', 'ESTHER', 'QUINTERO', 'ARMENTA', NULL, NULL, NULL),
(490, '40416873', 'JACKELINE', '', 'NAVARRO', 'CAICEDO', NULL, NULL, NULL),
(491, '43513351', 'GRANADOS', 'ALBA MARGARITA', 'PEREIRA', 'DIAZ', NULL, NULL, NULL),
(492, '36696087', 'DHELYS', 'ALICIA', 'ALONSO', 'BERDUGO', NULL, NULL, NULL),
(493, '26671934', 'ANA', 'MARGARITA', 'LOPEZ', 'ROCHA', NULL, NULL, NULL),
(494, '39189155', 'ELIANA', 'ASTRID', 'LOPEZ', 'PATIÑO', NULL, NULL, NULL),
(495, '39059958', 'ANA', 'KARINA', 'ARIAS', 'BOLAÑO', NULL, NULL, NULL),
(496, '1082923075', 'DIANA', 'MARCELA', 'DE ARMAS', 'URUETA', NULL, NULL, NULL),
(497, '57291389', 'ALCEDIS', 'DEL CARMEN', 'PARODI', 'ESPINOSA', NULL, NULL, NULL),
(498, '36452467', 'ELIZABETH', 'BEATRIZ', 'MONTERO', 'CAMACHO', NULL, NULL, NULL),
(499, '57461533', 'JENIFFER', '', 'GONZALEZ', 'CASTRO', NULL, NULL, NULL),
(500, '57294129', 'DIANA', 'PATRICIA', 'MORANTES', 'MARTINEZ', NULL, NULL, NULL),
(501, '84040812', 'JOSE', 'LUIS', 'GUTIERREZ', 'GOENAGA', NULL, NULL, NULL),
(502, '7634066', 'MAUNIN', 'DE JESUS', 'FLOREZ', 'SUAREZ', NULL, NULL, NULL),
(503, '39048215', 'KATIUSKA', 'MILENA', 'BUSTAMANTE', 'RODRIGUEZ', NULL, NULL, NULL),
(504, '57295636', 'NIOBIS', 'MARIA', 'PEREZ', 'TEJEDA', NULL, NULL, NULL),
(505, '36539003', 'HERNANDEZ', 'NANCY', 'RIOS', 'DE', NULL, NULL, NULL),
(506, '36725500', 'INGRIT', 'LILIANA DEL CAR', 'MOZO', 'OSPINA', NULL, NULL, NULL),
(507, '36669493', 'YOJANA', 'MARGARITA', 'NAVARRO', 'SILVA', NULL, NULL, NULL),
(508, '1082879896', 'AIDA', 'LUZ', 'PARRA', 'CABEZAS', NULL, NULL, NULL),
(509, '1043448207', 'GABRIELA', '', 'NIÑO', 'RENDON', NULL, NULL, NULL),
(510, '1082849069', 'ADRIANA', 'SOFIA', 'REVOLLO', 'SOCARRAS', NULL, NULL, NULL),
(511, '91158652', 'JORGE', 'MARIO', 'GRANADOS', 'PEÑATE', NULL, NULL, NULL),
(512, '57294543', 'SINDY', 'PATRICIA', 'TERNERA', 'LARIOS', NULL, NULL, NULL),
(513, '57432479', 'YASMIN', 'ESTELA', 'BLANCO', 'BLANCO', NULL, NULL, NULL),
(514, '7629547', 'JOHN', 'ALEXANDER', 'BUSTAMANTE', 'VELASQUEZ', NULL, NULL, NULL),
(515, '36697701', 'VANESA', 'ISABEL', 'DIAZ', 'PEDROZA', NULL, NULL, NULL),
(516, '33104981', 'DIGNA', 'AMELIA', 'RAMOS', 'BRUNO', NULL, NULL, NULL),
(517, '36562849', 'MARIA', 'DEL CARMEN', 'TERNERA', 'PERTUZ', NULL, NULL, NULL),
(518, '1084456622', 'INES', 'SOFIA', 'GOMEZ', 'ARREGOCES', NULL, NULL, NULL),
(519, '1082875128', 'JENNY', 'LISETH', 'MACHADO', 'VIDES', NULL, NULL, NULL),
(520, '1020717555', 'JOHAYRA', 'PATRICIA', 'CASTRO', 'RANGEL', NULL, NULL, NULL),
(521, '57273517', 'PAOLA', 'FABIOLA', 'PEREZ', 'MENDEZ', NULL, NULL, NULL),
(522, '36724910', 'LUZ', 'ANY', 'BARRAZA', 'PEÑA', NULL, NULL, NULL),
(523, '57295543', 'BIANELA', '', 'ALVAREZ', 'PARRA', NULL, NULL, NULL),
(524, '36722868', 'LICETH', '', 'PAREDES', 'ACEVEDO', NULL, NULL, NULL),
(525, '333039', 'EDDY', 'COROMOTO', 'GONZALEZ', 'URBINA', NULL, NULL, NULL),
(526, '39048487', 'ADELSY', 'YAMILE', 'MARRIAGA', 'HERRERA', NULL, NULL, NULL),
(527, '57297142', 'IRINA', 'MERCEDES', 'MEJIA', 'SILVA', NULL, NULL, NULL),
(528, '57464829', 'MIREYA', '', 'DURAN', 'PARRA', NULL, NULL, NULL),
(529, '39142339', 'LILIANA', 'JANETH', 'RENDON', 'FANDIÑO', NULL, NULL, NULL),
(530, '57462596', 'YURANIS', 'CONCEPCION', 'GONZALEZ', 'BERMUDEZ', NULL, NULL, NULL),
(531, '1082832244', 'MARYAM', 'GABRIELA', 'ARAUJO', 'IGIRIO', NULL, NULL, NULL),
(532, '49767513', 'JUDITH', 'MARINA', 'TORRES', 'SOLIS', NULL, NULL, NULL),
(533, '49723675', 'ANNETTE', 'KATYANA', 'GAMEZ', 'ZAMORA', NULL, NULL, NULL),
(534, '85465752', 'LUIS', 'ALFREDO', 'COTES', 'MARADEI', NULL, NULL, NULL),
(535, '85488367', 'ALFONSO', 'DE JESUS', 'RAMOS', 'MARTINEZ', NULL, NULL, NULL),
(536, '39048026', 'KAREN', 'BEATRIZ', 'MACIAS', 'MANJARRES', NULL, NULL, NULL),
(537, '6764103', 'JOSE', 'ARIEL', 'PARRA', 'VEGA', NULL, NULL, NULL),
(538, '85476128', 'ALEXANDER', 'ALBERTO', 'ARANGO', 'BARROS', NULL, NULL, NULL),
(539, '85463423', 'WILTON', 'JOSE', 'LAZCANO', 'LUBO', NULL, NULL, NULL),
(540, '57464904', 'JACQUELINE', 'JOHANNA', 'RENDON', 'RESTREPO', NULL, NULL, NULL),
(541, '85468776', 'ALBERTO', 'DE JESUS', 'PINEDA', 'LANDERO', NULL, NULL, NULL),
(542, '1083456630', 'ELSY', 'MARIA', 'CORREA', 'LOPEZ', NULL, NULL, NULL),
(543, '1082836927', 'ALEJANDRA', 'MARIA', 'COTES', 'DE LA HOZ', NULL, NULL, NULL),
(544, '1082918490', 'LILIANA', 'MARIA', 'FUENTES', 'CANTILLO', NULL, NULL, NULL),
(545, '1084056922', 'DIRIETH', 'MARIA', 'GUERRERO', 'DIAZ TAGLE', NULL, NULL, NULL),
(546, '3166551970', 'DARIO', '', 'ORTIZ', 'ALDANA', NULL, NULL, NULL),
(547, '1082922866', 'SAMIA', 'VALENTINA', 'MARTINEZ', 'ISSA', NULL, NULL, NULL),
(548, '36554717', 'MARGARITA', '', 'GUETE', 'HINCAPIE', NULL, NULL, NULL),
(549, '32673238', 'MARIA', '', 'BOLIVAR', 'BOLIVAR', NULL, NULL, NULL),
(550, '57461476', 'YURANIS', 'MARIA', 'GIRALDO', 'GONZALEZ', NULL, NULL, NULL),
(551, '63486726', 'CLAUDIA', 'LEONOR', 'PADILLA', 'GARCIA', NULL, NULL, NULL),
(552, '84078178', 'JUAN', 'CARLOS', 'HERNANDEZ', 'CARDONA', NULL, NULL, NULL),
(553, '85260910', 'LUIS', 'GUILLERMO', 'ZAFRA', 'GUERRA', NULL, NULL, NULL),
(554, '1082834272', 'ALANIS', 'MARIELA', 'ROYERO', 'RAMIREZ', NULL, NULL, NULL),
(555, '1082880821', 'ANA', 'MILENA', 'RIASCOS', 'PERTUZ', NULL, NULL, NULL),
(556, '1082923846', 'LAURY', 'STHEFANY', 'PEREZ', 'DURAN', NULL, NULL, NULL),
(557, '7631427', 'FERNANDO', 'RAFAEL', 'VALENCIA', 'ORTEGA', NULL, NULL, NULL),
(558, '37657376', 'AMPARO', '', 'SALAZAR', 'RAMIREZ', NULL, NULL, NULL),
(559, '4978978', 'FABIAN', 'ENRIQUE', 'POLO', 'RODRIGUEZ', NULL, NULL, NULL),
(560, '108288394', 'WENDY', 'LORENA', 'ESCORCIA', 'BOLAÑO', NULL, NULL, NULL),
(561, '86103241', 'JOSE', '', 'FERNANDEZ', 'FUENTES', NULL, NULL, NULL),
(562, '57299188', 'ANA', 'MILENA', 'GRANADOS', 'PEÑATE', NULL, NULL, NULL),
(563, '57444485', 'MARIUXI', '', 'ARREGOCES', 'MANCHENO', NULL, NULL, NULL),
(564, '1082911407', 'STEPHANIE', 'PAOLA', 'RUEDA', 'SIERRA', NULL, NULL, NULL),
(565, '1011322631', 'ISABELLA', '', 'MONTENEGRO', 'RAMOS', NULL, NULL, NULL),
(566, '57463139', 'KENDY', 'DE LOS ANGELES', 'RUIZ', 'GONZALEZ', NULL, NULL, NULL),
(567, '39046722', 'LILIANA', 'MARGARITA', 'ACEVEDO', 'ACEVEDO', NULL, NULL, NULL),
(568, '1082860951', 'LEIDYS', 'JOHANA', 'CANDANOZA', 'GOMEZ', NULL, NULL, NULL),
(569, '39025927', 'HORTENSIA', 'MARIA', 'PEREZ', 'AVILA', NULL, NULL, NULL),
(570, '37396637', 'LUZ', 'ESPERANZA', 'ARDILA', 'RIVEROS', NULL, NULL, NULL),
(571, '57445047', 'ESTHER', 'MARIA', 'FERRIGNO', 'ACOSTA', NULL, NULL, NULL),
(572, '57443843', 'NERYS', '', 'RIVADENEIRA', 'FUENTES', NULL, NULL, NULL),
(573, '36722406', 'MARIANELA', '', 'ARCILA', 'RUA', NULL, NULL, NULL),
(574, '39048049', 'NILKA', '', 'GONZALEZ', 'DANIEL', NULL, NULL, NULL),
(575, '1082854644', 'VALENTINA', 'ELIZABETH', 'BURGOS', 'MORELLI', NULL, NULL, NULL),
(576, '8714745', 'EDGARD', 'ENRIQUE', 'ARDILA', 'BAYONA', NULL, NULL, NULL),
(577, '40940323', 'GLENNA', 'MARIA', 'CAMARGO', 'MENDOZA', NULL, NULL, NULL),
(578, '36307629', 'YENY', 'SOFIA', 'TRUJILLO', 'NARVAEZ', NULL, NULL, NULL),
(579, '36719768', 'DEIBIS', 'DELITH', 'DIAZ TAGLE', 'PEREZ', NULL, NULL, NULL),
(580, '1082864495', 'JENNYFER', 'KATHERINE', 'MOLINA', 'MARIANO', NULL, NULL, NULL),
(581, '52804191', 'ELA', 'MARIA', 'MORON', 'BARROS', NULL, NULL, NULL),
(582, '7604798', 'ALFONSO', 'HUMBERTO', 'CAMPO', 'GONZALEZ', NULL, NULL, NULL),
(583, '1082866791', 'MARIA', 'ANGELICA', 'DIAZ', 'RODRIGUEZ', NULL, NULL, NULL),
(584, '1121334578', 'MARY', 'ELLEN', 'MAZENET', 'CONTRERAS', NULL, NULL, NULL),
(585, '49784303', 'MARIA', 'ALEJANDRA', 'KERGUELEN', 'JOHNSON', NULL, NULL, NULL),
(586, '57296790', 'NILDA', 'MARIA', 'RODRIGUEZ', 'BERDUGO', NULL, NULL, NULL),
(587, '1082857375', 'SILVIA', 'CELINA', 'MERIÑO', 'MONTERO', NULL, NULL, NULL),
(588, '85125897', 'JOSE', 'JOAQUIN', 'TORRES', 'COGOLLO', NULL, NULL, NULL),
(589, '36669824', 'EUNIRIS', 'ELENIT', 'HUGUETT', 'CALERO', NULL, NULL, NULL),
(590, '57462261', 'CLAUDIA', 'CAROLINA', 'RIOS', 'MARQUEZ', NULL, NULL, NULL),
(591, '7633002', 'EDWIN', 'MIGUEL', 'GUTIERREZ', 'YANCE', NULL, NULL, NULL),
(592, '57461817', 'INGRIS', 'PAOLA', 'SALCEDO', 'MUÑOZ', NULL, NULL, NULL),
(593, '1042263655', 'ANTONELLA', '', 'ZAFRA', 'PINZON', NULL, NULL, NULL),
(594, '49733064', 'ESTHER', 'FELICIA', 'MUÑOZ', 'VANEGAS', NULL, NULL, NULL),
(595, '39048829', 'KATHERINE', 'MARINA', 'CAMPO', 'CUCUNUBA', NULL, NULL, NULL),
(596, '1082958655', 'BEATRIZ', 'ESTEFANIA', 'VIDES', 'VILORIA', NULL, NULL, NULL),
(597, '1082940191', 'ROSA', 'MARY', 'ARROYO', 'PEREZ', NULL, NULL, NULL),
(598, '36694683', 'ANA', 'ISABEL', 'ARIZA', 'FUENTES', NULL, NULL, NULL),
(599, '1082844633', 'ISABELLA', 'ALICIA', 'RODRIGUEZ', 'ARIAS', NULL, NULL, NULL),
(600, '26670797', 'FRANCIA', 'ELENA', 'ESCOBAR', 'GUERRA', NULL, NULL, NULL),
(601, '57297184', 'OLGA', 'CECILIA', 'BARROS', 'PINEDO', NULL, NULL, NULL),
(602, '7140266', 'WISTON', 'MANUEL', 'VARGAS', 'CORVACHO', NULL, NULL, NULL),
(603, '1082892058', 'YULIETH', 'PAOLA', 'YEPES', 'AGUDELO', NULL, NULL, NULL),
(604, '26671791', 'LISNEY', 'LORENA', 'LOPEZ', 'LOPEZ', NULL, NULL, NULL),
(605, '37888452', 'ELSA', '', 'JIMENEZ', 'RANGEL', NULL, NULL, NULL),
(606, '26668180', 'INGAL', 'ANTONIA', 'DANIEL', 'HINCAPIE', NULL, NULL, NULL),
(607, '57293024', 'SULEIMA', '', 'MELCHOR', 'RODRIGUEZ', NULL, NULL, NULL),
(608, '1082917153', 'OLGA', 'CRISTINA', 'RODRIGUEZ', 'ANAYA', NULL, NULL, NULL),
(609, '1082920354', 'LUISA', 'MARIA', 'OREJARENA', 'ALVAREZ', NULL, NULL, NULL),
(610, '1083555923', 'NAYAHA', 'MARCELA', 'NORIEGA', 'URIELES', NULL, NULL, NULL),
(611, '1083024911', 'DANIELA', 'MARGARITA', 'RODRIGUEZ', 'CANTILLO', NULL, NULL, NULL),
(612, '1082999308', 'ANA', 'MARIA', 'FONTALVO', 'NIETO', NULL, NULL, NULL),
(613, '36668080', 'ORIETTA', '', 'RINCON', 'PONCE', NULL, NULL, NULL),
(614, '57293367', 'CIARA', 'ESTHER', 'TETE', 'DE AVILA', NULL, NULL, NULL),
(615, '57444338', 'CLAUDIA', 'PATRICIA', 'OROZCO', 'BERMUDEZ', NULL, NULL, NULL),
(616, '1082947257', 'JOSE', 'ALEJANDRO', 'MEDINA', 'SANCHEZ', NULL, NULL, NULL),
(617, '43092437', 'LILIANA', 'MARIA', 'OSPINA', 'MESA', NULL, NULL, NULL),
(618, '43075898', 'MARIA', 'PATRICIA', 'AGUDELO', 'PAREJA', NULL, NULL, NULL),
(619, '57463101', 'LILIANA', 'MARIA', 'HERNANDEZ', 'RIOS', NULL, NULL, NULL),
(620, '39143542', 'CAROLINA', 'DEL CARMEN', 'MUÑOZ', 'MONTENEGRO', NULL, NULL, NULL),
(621, '1084451885', 'LAURA', 'CAMILA', 'DURAN', 'TORO', NULL, NULL, NULL),
(622, '57296751', 'MARINA', 'ROSA', 'CASTRO', 'RESTREPO', NULL, NULL, NULL),
(623, '36532611', 'GARCIA', 'AMPARO', 'DIAZ', 'DE', NULL, NULL, NULL),
(624, '4978646', 'LINO', 'DE JESUS', 'TORREGROZA', 'MONSALVE', NULL, NULL, NULL),
(625, '1082907074', 'JULIETH', 'PAOLA', 'DIAZA', 'NUÑEZ', NULL, NULL, NULL),
(626, '63451185', 'RAQUEL', 'LILIANA', 'BULLA', 'LUNA', NULL, NULL, NULL),
(627, '1082841393', 'DILIA', 'ROSA', 'VAN LEENDEN', 'BOLAÑO', NULL, NULL, NULL),
(628, '99999999', 'EMILY', 'SOFIA', 'CAÑAS', 'NUÑEZ', NULL, NULL, NULL);

-- --------------------------------------------------------

--
-- Estructura de tabla para la tabla `users`
--

CREATE TABLE `users` (
  `id` bigint(20) UNSIGNED NOT NULL,
  `name` varchar(255) COLLATE utf8mb4_unicode_ci NOT NULL,
  `email` varchar(255) COLLATE utf8mb4_unicode_ci NOT NULL,
  `email_verified_at` timestamp NULL DEFAULT NULL,
  `password` varchar(255) COLLATE utf8mb4_unicode_ci NOT NULL,
  `remember_token` varchar(100) COLLATE utf8mb4_unicode_ci DEFAULT NULL,
  `created_at` timestamp NULL DEFAULT NULL,
  `updated_at` timestamp NULL DEFAULT NULL
) ENGINE=InnoDB DEFAULT CHARSET=utf8mb4 COLLATE=utf8mb4_unicode_ci;

--
-- Volcado de datos para la tabla `users`
--

INSERT INTO `users` (`id`, `name`, `email`, `email_verified_at`, `password`, `remember_token`, `created_at`, `updated_at`) VALUES
(1, 'jeyson javier cañas de la hoz', 'jcanas@institutolamilagrosa.com', NULL, '$2y$10$Gu.U0Ev9.HZJkWKW2ZFHG.38jPp6OrS0UTc4KQUz.875Y4vKXaYBm', NULL, '2020-08-19 07:36:17', '2020-08-19 07:36:17');

--
-- Índices para tablas volcadas
--

--
-- Indices de la tabla `acudientes`
--
ALTER TABLE `acudientes`
  ADD PRIMARY KEY (`id`),
  ADD KEY `acudientes_personas_id_foreign` (`personas_id`);

--
-- Indices de la tabla `estudiantes`
--
ALTER TABLE `estudiantes`
  ADD PRIMARY KEY (`id`),
  ADD KEY `estudiantes_personas_id_foreign` (`personas_id`);

--
-- Indices de la tabla `estudiante_acuentes`
--
ALTER TABLE `estudiante_acuentes`
  ADD PRIMARY KEY (`id`),
  ADD KEY `estudiante_acuentes_estudiantes_id_foreign` (`estudiantes_id`),
  ADD KEY `estudiante_acuentes_acudientes_id_foreign` (`acudientes_id`);

--
-- Indices de la tabla `migrations`
--
ALTER TABLE `migrations`
  ADD PRIMARY KEY (`id`);

--
-- Indices de la tabla `password_resets`
--
ALTER TABLE `password_resets`
  ADD KEY `password_resets_email_index` (`email`);

--
-- Indices de la tabla `personas`
--
ALTER TABLE `personas`
  ADD PRIMARY KEY (`id`);

--
-- Indices de la tabla `users`
--
ALTER TABLE `users`
  ADD PRIMARY KEY (`id`),
  ADD UNIQUE KEY `users_email_unique` (`email`);

--
-- AUTO_INCREMENT de las tablas volcadas
--

--
-- AUTO_INCREMENT de la tabla `acudientes`
--
ALTER TABLE `acudientes`
  MODIFY `id` int(10) UNSIGNED NOT NULL AUTO_INCREMENT, AUTO_INCREMENT=626;

--
-- AUTO_INCREMENT de la tabla `estudiantes`
--
ALTER TABLE `estudiantes`
  MODIFY `id` int(10) UNSIGNED NOT NULL AUTO_INCREMENT, AUTO_INCREMENT=328;

--
-- AUTO_INCREMENT de la tabla `estudiante_acuentes`
--
ALTER TABLE `estudiante_acuentes`
  MODIFY `id` int(10) UNSIGNED NOT NULL AUTO_INCREMENT, AUTO_INCREMENT=360;

--
-- AUTO_INCREMENT de la tabla `migrations`
--
ALTER TABLE `migrations`
  MODIFY `id` int(10) UNSIGNED NOT NULL AUTO_INCREMENT, AUTO_INCREMENT=7;

--
-- AUTO_INCREMENT de la tabla `personas`
--
ALTER TABLE `personas`
  MODIFY `id` int(10) UNSIGNED NOT NULL AUTO_INCREMENT, AUTO_INCREMENT=630;

--
-- AUTO_INCREMENT de la tabla `users`
--
ALTER TABLE `users`
  MODIFY `id` bigint(20) UNSIGNED NOT NULL AUTO_INCREMENT, AUTO_INCREMENT=2;

--
-- Restricciones para tablas volcadas
--

--
-- Filtros para la tabla `acudientes`
--
ALTER TABLE `acudientes`
  ADD CONSTRAINT `acudientes_personas_id_foreign` FOREIGN KEY (`personas_id`) REFERENCES `personas` (`id`);

--
-- Filtros para la tabla `estudiantes`
--
ALTER TABLE `estudiantes`
  ADD CONSTRAINT `estudiantes_personas_id_foreign` FOREIGN KEY (`personas_id`) REFERENCES `personas` (`id`);

--
-- Filtros para la tabla `estudiante_acuentes`
--
ALTER TABLE `estudiante_acuentes`
  ADD CONSTRAINT `estudiante_acuentes_acudientes_id_foreign` FOREIGN KEY (`acudientes_id`) REFERENCES `acudientes` (`id`),
  ADD CONSTRAINT `estudiante_acuentes_estudiantes_id_foreign` FOREIGN KEY (`estudiantes_id`) REFERENCES `estudiantes` (`id`);
COMMIT;

/*!40101 SET CHARACTER_SET_CLIENT=@OLD_CHARACTER_SET_CLIENT */;
/*!40101 SET CHARACTER_SET_RESULTS=@OLD_CHARACTER_SET_RESULTS */;
/*!40101 SET COLLATION_CONNECTION=@OLD_COLLATION_CONNECTION */;
